deal_id,deal_name,amount,stage,pipeline,is_closed,is_won,close_date,create_date,probability
DEAL_0001,Deal 1,65098.5,Closed Won,Consulting Pipeline,True,True,2025-09-26 16:48:47.763788,2025-09-20 16:48:47.763799,100
DEAL_0002,Deal 2,36927.52,Prospecting,Partnership Pipeline,False,False,2025-12-26 16:48:47.763836,2025-07-14 16:48:47.763840,87
DEAL_0003,Deal 3,62660.78,Proposal,Sales Pipeline,False,False,2025-12-21 16:48:47.763863,2025-11-24 16:48:47.763866,38
DEAL_0004,Deal 4,14164.07,Negotiation,Partnership Pipeline,False,False,2025-12-03 16:48:47.763886,2025-08-11 16:48:47.763890,84
DEAL_0005,Deal 5,89631.68,Closed Lost,Partnership Pipeline,True,False,2025-11-07 16:48:47.763910,2025-09-01 16:48:47.763913,0
DEAL_0006,Deal 6,86083.66,Negotiation,Consulting Pipeline,False,False,2025-12-03 16:48:47.763931,2025-07-24 16:48:47.763934,42
DEAL_0007,Deal 7,92481.61,Closed Lost,Consulting Pipeline,True,False,2025-10-21 16:48:47.763953,2025-08-23 16:48:47.763956,0
DEAL_0008,Deal 8,98591.67,Negotiation,Partnership Pipeline,False,False,2025-11-27 16:48:47.763973,2025-09-11 16:48:47.763976,49
DEAL_0009,Deal 9,49026.24,Proposal,Sales Pipeline,False,False,2025-11-19 16:48:47.763995,2025-08-03 16:48:47.763998,12
DEAL_0010,Deal 10,37115.27,Closed Won,Partnership Pipeline,True,True,2025-10-14 16:48:47.764018,2025-07-22 16:48:47.764020,100
DEAL_0011,Deal 11,23796.93,Proposal,Sales Pipeline,False,False,2025-12-22 16:48:47.764038,2025-11-18 16:48:47.764041,41
DEAL_0012,Deal 12,83966.03,Prospecting,Consulting Pipeline,False,False,2025-12-01 16:48:47.764061,2025-08-14 16:48:47.764064,26
DEAL_0013,Deal 13,58988.35,Proposal,Sales Pipeline,False,False,2025-12-07 16:48:47.764083,2025-09-27 16:48:47.764086,70
DEAL_0014,Deal 14,44374.1,Qualification,Sales Pipeline,False,False,2025-12-16 16:48:47.764105,2025-11-26 16:48:47.764108,17
DEAL_0015,Deal 15,69787.46,Closed Lost,Partnership Pipeline,True,False,2025-09-17 16:48:47.764127,2025-08-06 16:48:47.764130,0
DEAL_0016,Deal 16,89281.61,Closed Lost,Partnership Pipeline,True,False,2025-11-16 16:48:47.764147,2025-07-24 16:48:47.764150,0
DEAL_0017,Deal 17,29680.04,Prospecting,Partnership Pipeline,False,False,2025-12-04 16:48:47.764167,2025-10-25 16:48:47.764169,73
DEAL_0018,Deal 18,53706.96,Proposal,Consulting Pipeline,False,False,2025-11-19 16:48:47.764188,2025-06-13 16:48:47.764191,51
DEAL_0019,Deal 19,3678.95,Negotiation,Partnership Pipeline,False,False,2025-12-21 16:48:47.764210,2025-12-09 16:48:47.764213,83
DEAL_0020,Deal 20,30919.25,Closed Lost,Sales Pipeline,True,False,2025-12-07 16:48:47.764232,2025-07-02 16:48:47.764235,0
DEAL_0021,Deal 21,1652.48,Prospecting,Sales Pipeline,False,False,2025-12-15 16:48:47.764253,2025-11-24 16:48:47.764256,77
DEAL_0022,Deal 22,64263.49,Negotiation,Consulting Pipeline,False,False,2025-11-28 16:48:47.764275,2025-06-24 16:48:47.764278,62
DEAL_0023,Deal 23,59968.33,Closed Won,Partnership Pipeline,True,True,2025-10-29 16:48:47.764296,2025-06-23 16:48:47.764299,100
DEAL_0024,Deal 24,37040.16,Prospecting,Consulting Pipeline,False,False,2025-12-26 16:48:47.764345,2025-06-18 16:48:47.764350,19
DEAL_0025,Deal 25,68904.94,Closed Won,Sales Pipeline,True,True,2025-11-21 16:48:47.764370,2025-10-26 16:48:47.764373,100
DEAL_0026,Deal 26,81751.69,Qualification,Partnership Pipeline,False,False,2025-12-10 16:48:47.764391,2025-11-03 16:48:47.764393,47
DEAL_0027,Deal 27,46783.38,Qualification,Partnership Pipeline,False,False,2025-12-22 16:48:47.764413,2025-10-14 16:48:47.764416,27
DEAL_0028,Deal 28,1043.54,Closed Lost,Consulting Pipeline,True,False,2025-10-23 16:48:47.764436,2025-10-03 16:48:47.764438,0
DEAL_0029,Deal 29,96622.99,Closed Lost,Partnership Pipeline,True,False,2025-11-12 16:48:47.764456,2025-08-20 16:48:47.764461,0
DEAL_0030,Deal 30,66089.19,Negotiation,Partnership Pipeline,False,False,2025-11-18 16:48:47.764478,2025-07-20 16:48:47.764481,21
DEAL_0031,Deal 31,78417.71,Negotiation,Sales Pipeline,False,False,2025-12-12 16:48:47.764501,2025-08-10 16:48:47.764503,14
DEAL_0032,Deal 32,65086.03,Qualification,Partnership Pipeline,False,False,2025-11-10 16:48:47.764523,2025-08-17 16:48:47.764526,38
DEAL_0033,Deal 33,95922.11,Proposal,Consulting Pipeline,False,False,2025-12-24 16:48:47.764547,2025-10-11 16:48:47.764549,82
DEAL_0034,Deal 34,43350.6,Closed Won,Sales Pipeline,True,True,2025-12-03 16:48:47.764570,2025-09-29 16:48:47.764573,100
DEAL_0035,Deal 35,28642.83,Prospecting,Sales Pipeline,False,False,2025-12-11 16:48:47.764590,2025-12-04 16:48:47.764593,38
DEAL_0036,Deal 36,8845.96,Negotiation,Sales Pipeline,False,False,2025-11-10 16:48:47.764612,2025-07-21 16:48:47.764615,58
DEAL_0037,Deal 37,53165.97,Prospecting,Consulting Pipeline,False,False,2026-01-07 16:48:47.764634,2025-07-09 16:48:47.764636,74
DEAL_0038,Deal 38,81405.08,Closed Won,Sales Pipeline,True,True,2025-11-27 16:48:47.764656,2025-08-23 16:48:47.764658,100
DEAL_0039,Deal 39,58120.89,Negotiation,Consulting Pipeline,False,False,2025-12-22 16:48:47.764675,2025-11-17 16:48:47.764678,55
DEAL_0040,Deal 40,48048.94,Prospecting,Partnership Pipeline,False,False,2025-11-29 16:48:47.764698,2025-08-24 16:48:47.764700,71
DEAL_0041,Deal 41,5103.95,Prospecting,Sales Pipeline,False,False,2025-11-19 16:48:47.764720,2025-11-13 16:48:47.764723,84
DEAL_0042,Deal 42,80423.47,Closed Won,Partnership Pipeline,True,True,2025-09-15 16:48:47.764742,2025-08-15 16:48:47.764745,100
DEAL_0043,Deal 43,57932.52,Proposal,Sales Pipeline,False,False,2025-12-30 16:48:47.764763,2025-09-16 16:48:47.764766,74
DEAL_0044,Deal 44,63782.84,Closed Won,Sales Pipeline,True,True,2025-11-27 16:48:47.764785,2025-07-07 16:48:47.764788,100
DEAL_0045,Deal 45,87573.04,Closed Won,Consulting Pipeline,True,True,2025-09-21 16:48:47.764805,2025-08-24 16:48:47.764808,100
DEAL_0046,Deal 46,63399.33,Proposal,Sales Pipeline,False,False,2025-12-06 16:48:47.764826,2025-12-03 16:48:47.764829,40
DEAL_0047,Deal 47,89326.73,Qualification,Partnership Pipeline,False,False,2025-12-29 16:48:47.764848,2025-11-24 16:48:47.764851,28
DEAL_0048,Deal 48,1769.34,Closed Lost,Consulting Pipeline,True,False,2025-09-13 16:48:47.764869,2025-11-05 16:48:47.764872,0
DEAL_0049,Deal 49,90086.28,Negotiation,Partnership Pipeline,False,False,2026-01-02 16:48:47.764889,2025-09-15 16:48:47.764892,66
DEAL_0050,Deal 50,88854.64,Closed Won,Partnership Pipeline,True,True,2025-12-05 16:48:47.764911,2025-07-25 16:48:47.764914,100
DEAL_0051,Deal 51,10922.59,Prospecting,Sales Pipeline,False,False,2025-11-10 16:48:47.764932,2025-07-05 16:48:47.764934,81
DEAL_0052,Deal 52,81266.59,Negotiation,Sales Pipeline,False,False,2025-12-15 16:48:47.764954,2025-10-16 16:48:47.764957,11
DEAL_0053,Deal 53,53679.39,Proposal,Consulting Pipeline,False,False,2025-12-01 16:48:47.764976,2025-07-16 16:48:47.764979,66
DEAL_0054,Deal 54,25102.6,Closed Lost,Partnership Pipeline,True,False,2025-10-13 16:48:47.764999,2025-07-12 16:48:47.765002,0
DEAL_0055,Deal 55,21265.0,Negotiation,Sales Pipeline,False,False,2025-11-25 16:48:47.765021,2025-11-27 16:48:47.765023,22
DEAL_0056,Deal 56,69184.05,Closed Won,Partnership Pipeline,True,True,2025-12-09 16:48:47.765042,2025-09-02 16:48:47.765045,100
DEAL_0057,Deal 57,58045.76,Proposal,Consulting Pipeline,False,False,2025-11-30 16:48:47.765063,2025-10-18 16:48:47.765066,25
DEAL_0058,Deal 58,64539.37,Qualification,Sales Pipeline,False,False,2025-12-13 16:48:47.765085,2025-08-06 16:48:47.765088,19
DEAL_0059,Deal 59,81897.54,Closed Lost,Partnership Pipeline,True,False,2025-09-28 16:48:47.765108,2025-10-01 16:48:47.765110,0
DEAL_0060,Deal 60,36422.94,Closed Won,Consulting Pipeline,True,True,2025-09-18 16:48:47.765128,2025-08-08 16:48:47.765131,100
DEAL_0061,Deal 61,11156.49,Prospecting,Sales Pipeline,False,False,2025-11-28 16:48:47.765149,2025-06-25 16:48:47.765152,31
DEAL_0062,Deal 62,36726.62,Proposal,Consulting Pipeline,False,False,2025-11-17 16:48:47.765172,2025-10-08 16:48:47.765174,87
DEAL_0063,Deal 63,79325.41,Qualification,Sales Pipeline,False,False,2025-11-20 16:48:47.765196,2025-07-03 16:48:47.765199,85
DEAL_0064,Deal 64,22163.36,Closed Lost,Consulting Pipeline,True,False,2025-09-18 16:48:47.765219,2025-07-14 16:48:47.765222,0
DEAL_0065,Deal 65,51298.61,Closed Lost,Partnership Pipeline,True,False,2025-12-08 16:48:47.765240,2025-09-06 16:48:47.765242,0
DEAL_0066,Deal 66,2141.81,Negotiation,Sales Pipeline,False,False,2025-11-09 16:48:47.765261,2025-09-28 16:48:47.765263,60
DEAL_0067,Deal 67,69763.43,Negotiation,Sales Pipeline,False,False,2026-01-04 16:48:47.765283,2025-12-07 16:48:47.765286,50
DEAL_0068,Deal 68,5827.12,Proposal,Sales Pipeline,False,False,2025-11-25 16:48:47.765305,2025-09-17 16:48:47.765308,66
DEAL_0069,Deal 69,12597.64,Prospecting,Consulting Pipeline,False,False,2025-12-19 16:48:47.765327,2025-08-20 16:48:47.765330,14
DEAL_0070,Deal 70,98618.73,Negotiation,Consulting Pipeline,False,False,2025-11-12 16:48:47.765349,2025-10-14 16:48:47.765352,17
DEAL_0071,Deal 71,21433.81,Proposal,Sales Pipeline,False,False,2025-12-22 16:48:47.765372,2025-11-29 16:48:47.765375,10
DEAL_0072,Deal 72,18754.19,Prospecting,Consulting Pipeline,False,False,2025-11-23 16:48:47.765395,2025-07-21 16:48:47.765398,85
DEAL_0073,Deal 73,95618.19,Prospecting,Consulting Pipeline,False,False,2025-11-29 16:48:47.765419,2025-09-12 16:48:47.765422,70
DEAL_0074,Deal 74,46372.98,Closed Lost,Sales Pipeline,True,False,2025-10-07 16:48:47.765466,2025-08-10 16:48:47.765469,0
DEAL_0075,Deal 75,15310.1,Closed Won,Partnership Pipeline,True,True,2025-12-08 16:48:47.765499,2025-07-21 16:48:47.765502,100
DEAL_0076,Deal 76,47560.75,Qualification,Consulting Pipeline,False,False,2025-12-04 16:48:47.765522,2025-11-23 16:48:47.765525,22
DEAL_0077,Deal 77,74311.12,Closed Won,Consulting Pipeline,True,True,2025-10-03 16:48:47.765546,2025-10-14 16:48:47.765549,100
DEAL_0078,Deal 78,7951.1,Qualification,Partnership Pipeline,False,False,2025-12-17 16:48:47.765569,2025-10-09 16:48:47.765572,88
DEAL_0079,Deal 79,82020.35,Qualification,Partnership Pipeline,False,False,2025-12-30 16:48:47.765593,2025-11-07 16:48:47.765595,72
DEAL_0080,Deal 80,73360.41,Closed Lost,Partnership Pipeline,True,False,2025-11-02 16:48:47.765617,2025-06-28 16:48:47.765620,0
DEAL_0081,Deal 81,93088.5,Negotiation,Consulting Pipeline,False,False,2025-12-05 16:48:47.765639,2025-07-23 16:48:47.765642,83
DEAL_0082,Deal 82,34793.07,Closed Lost,Consulting Pipeline,True,False,2025-10-12 16:48:47.765663,2025-07-06 16:48:47.765665,0
DEAL_0083,Deal 83,14993.29,Proposal,Sales Pipeline,False,False,2026-01-03 16:48:47.765686,2025-07-06 16:48:47.765689,45
DEAL_0084,Deal 84,51857.64,Prospecting,Partnership Pipeline,False,False,2025-11-14 16:48:47.765710,2025-09-14 16:48:47.765713,44
DEAL_0085,Deal 85,77416.35,Closed Lost,Sales Pipeline,True,False,2025-09-29 16:48:47.765732,2025-10-06 16:48:47.765735,0
DEAL_0086,Deal 86,73265.34,Prospecting,Sales Pipeline,False,False,2025-12-13 16:48:47.765753,2025-09-06 16:48:47.765756,57
DEAL_0087,Deal 87,76187.13,Proposal,Consulting Pipeline,False,False,2025-12-22 16:48:47.765776,2025-08-18 16:48:47.765778,30
DEAL_0088,Deal 88,51597.56,Negotiation,Sales Pipeline,False,False,2025-11-21 16:48:47.765797,2025-10-01 16:48:47.765800,56
DEAL_0089,Deal 89,3669.17,Qualification,Partnership Pipeline,False,False,2025-11-20 16:48:47.765820,2025-08-03 16:48:47.765823,86
DEAL_0090,Deal 90,71282.18,Closed Won,Consulting Pipeline,True,True,2025-10-21 16:48:47.765843,2025-08-11 16:48:47.765846,100
DEAL_0091,Deal 91,67294.12,Proposal,Consulting Pipeline,False,False,2025-12-09 16:48:47.765865,2025-11-23 16:48:47.765868,25
DEAL_0092,Deal 92,90656.97,Closed Lost,Consulting Pipeline,True,False,2025-11-03 16:48:47.765888,2025-09-18 16:48:47.765891,0
DEAL_0093,Deal 93,49588.56,Closed Won,Consulting Pipeline,True,True,2025-11-17 16:48:47.765909,2025-08-15 16:48:47.765912,100
DEAL_0094,Deal 94,9817.73,Proposal,Partnership Pipeline,False,False,2025-11-19 16:48:47.765932,2025-12-02 16:48:47.765935,14
DEAL_0095,Deal 95,45912.23,Closed Won,Partnership Pipeline,True,True,2025-10-22 16:48:47.765955,2025-10-10 16:48:47.765958,100
DEAL_0096,Deal 96,73402.71,Proposal,Consulting Pipeline,False,False,2025-12-10 16:48:47.765976,2025-06-13 16:48:47.765979,25
DEAL_0097,Deal 97,39484.14,Proposal,Partnership Pipeline,False,False,2025-11-14 16:48:47.765999,2025-08-26 16:48:47.766002,11
DEAL_0098,Deal 98,40596.61,Prospecting,Sales Pipeline,False,False,2025-11-10 16:48:47.766022,2025-09-10 16:48:47.766025,65
DEAL_0099,Deal 99,59855.61,Proposal,Consulting Pipeline,False,False,2025-11-20 16:48:47.766044,2025-06-25 16:48:47.766047,71
DEAL_0100,Deal 100,8385.44,Closed Won,Partnership Pipeline,True,True,2025-10-27 16:48:47.766068,2025-08-13 16:48:47.766071,100
DEAL_0101,Deal 101,73498.3,Prospecting,Partnership Pipeline,False,False,2025-11-22 16:48:47.766089,2025-07-12 16:48:47.766092,18
DEAL_0102,Deal 102,3748.93,Prospecting,Partnership Pipeline,False,False,2026-01-02 16:48:47.766112,2025-10-31 16:48:47.766115,71
DEAL_0103,Deal 103,2495.67,Closed Lost,Consulting Pipeline,True,False,2025-10-07 16:48:47.766134,2025-07-03 16:48:47.766137,0
DEAL_0104,Deal 104,45854.42,Qualification,Consulting Pipeline,False,False,2025-11-25 16:48:47.766155,2025-09-17 16:48:47.766158,79
DEAL_0105,Deal 105,40117.79,Proposal,Partnership Pipeline,False,False,2025-11-25 16:48:47.766177,2025-11-16 16:48:47.766180,47
DEAL_0106,Deal 106,22947.11,Prospecting,Sales Pipeline,False,False,2025-11-11 16:48:47.766201,2025-07-29 16:48:47.766204,28
DEAL_0107,Deal 107,3334.82,Qualification,Sales Pipeline,False,False,2025-11-24 16:48:47.766225,2025-08-01 16:48:47.766228,14
DEAL_0108,Deal 108,26857.03,Negotiation,Partnership Pipeline,False,False,2026-01-04 16:48:47.766248,2025-08-09 16:48:47.766251,72
DEAL_0109,Deal 109,30245.98,Prospecting,Consulting Pipeline,False,False,2025-12-18 16:48:47.766271,2025-11-24 16:48:47.766274,41
DEAL_0110,Deal 110,64239.12,Proposal,Consulting Pipeline,False,False,2025-11-27 16:48:47.766295,2025-06-23 16:48:47.766298,50
DEAL_0111,Deal 111,34065.44,Closed Lost,Consulting Pipeline,True,False,2025-11-14 16:48:47.766318,2025-09-14 16:48:47.766321,0
DEAL_0112,Deal 112,13920.85,Prospecting,Sales Pipeline,False,False,2025-11-16 16:48:47.766339,2025-08-29 16:48:47.766341,67
DEAL_0113,Deal 113,65970.68,Closed Won,Sales Pipeline,True,True,2025-09-13 16:48:47.766362,2025-12-08 16:48:47.766365,100
DEAL_0114,Deal 114,94392.89,Closed Lost,Sales Pipeline,True,False,2025-09-25 16:48:47.766383,2025-10-16 16:48:47.766385,0
DEAL_0115,Deal 115,38226.37,Qualification,Partnership Pipeline,False,False,2026-01-01 16:48:47.766403,2025-07-29 16:48:47.766406,68
DEAL_0116,Deal 116,7162.7,Prospecting,Partnership Pipeline,False,False,2026-01-06 16:48:47.766426,2025-09-14 16:48:47.766428,28
DEAL_0117,Deal 117,46054.5,Prospecting,Consulting Pipeline,False,False,2025-12-09 16:48:47.766448,2025-08-14 16:48:47.766451,54
DEAL_0118,Deal 118,3023.89,Qualification,Consulting Pipeline,False,False,2025-12-05 16:48:47.766470,2025-11-23 16:48:47.766473,81
DEAL_0119,Deal 119,85335.33,Qualification,Consulting Pipeline,False,False,2026-01-06 16:48:47.766493,2025-08-01 16:48:47.766495,49
DEAL_0120,Deal 120,13097.27,Closed Lost,Partnership Pipeline,True,False,2025-11-14 16:48:47.766515,2025-09-15 16:48:47.766518,0
DEAL_0121,Deal 121,88996.54,Closed Won,Partnership Pipeline,True,True,2025-10-12 16:48:47.766537,2025-07-14 16:48:47.766539,100
DEAL_0122,Deal 122,38876.68,Closed Lost,Sales Pipeline,True,False,2025-10-24 16:48:47.766557,2025-11-06 16:48:47.766560,0
DEAL_0123,Deal 123,67189.98,Proposal,Partnership Pipeline,False,False,2025-12-14 16:48:47.766579,2025-07-20 16:48:47.766582,76
DEAL_0124,Deal 124,70393.16,Closed Won,Sales Pipeline,True,True,2025-12-07 16:48:47.766602,2025-06-20 16:48:47.766605,100
DEAL_0125,Deal 125,1585.45,Qualification,Sales Pipeline,False,False,2025-12-25 16:48:47.766623,2025-11-14 16:48:47.766626,79
DEAL_0126,Deal 126,18181.71,Prospecting,Consulting Pipeline,False,False,2025-12-25 16:48:47.766646,2025-11-21 16:48:47.766649,73
DEAL_0127,Deal 127,43016.96,Closed Won,Consulting Pipeline,True,True,2025-11-20 16:48:47.766670,2025-11-17 16:48:47.766672,100
DEAL_0128,Deal 128,59554.37,Closed Lost,Consulting Pipeline,True,False,2025-11-15 16:48:47.766691,2025-12-03 16:48:47.766694,0
DEAL_0129,Deal 129,80331.61,Qualification,Consulting Pipeline,False,False,2025-12-31 16:48:47.766712,2025-08-17 16:48:47.766715,87
DEAL_0130,Deal 130,26974.05,Closed Won,Consulting Pipeline,True,True,2025-10-29 16:48:47.766735,2025-10-12 16:48:47.766738,100
DEAL_0131,Deal 131,40695.36,Closed Won,Consulting Pipeline,True,True,2025-09-24 16:48:47.766755,2025-08-10 16:48:47.766758,100
DEAL_0132,Deal 132,39452.55,Closed Lost,Consulting Pipeline,True,False,2025-10-24 16:48:47.766776,2025-11-28 16:48:47.766779,0
DEAL_0133,Deal 133,76995.48,Prospecting,Sales Pipeline,False,False,2025-12-08 16:48:47.766798,2025-07-03 16:48:47.766801,76
DEAL_0134,Deal 134,69972.77,Closed Won,Consulting Pipeline,True,True,2025-10-06 16:48:47.766821,2025-09-03 16:48:47.766824,100
DEAL_0135,Deal 135,1211.67,Qualification,Sales Pipeline,False,False,2025-12-09 16:48:47.766842,2025-11-26 16:48:47.766845,48
DEAL_0136,Deal 136,47693.41,Negotiation,Sales Pipeline,False,False,2025-12-22 16:48:47.766864,2025-10-03 16:48:47.766867,35
DEAL_0137,Deal 137,85956.61,Prospecting,Partnership Pipeline,False,False,2025-11-18 16:48:47.766886,2025-09-05 16:48:47.766889,27
DEAL_0138,Deal 138,62995.22,Negotiation,Sales Pipeline,False,False,2026-01-06 16:48:47.766909,2025-06-13 16:48:47.766912,10
DEAL_0139,Deal 139,28457.5,Closed Lost,Sales Pipeline,True,False,2025-09-11 16:48:47.766934,2025-07-16 16:48:47.766936,0
DEAL_0140,Deal 140,94464.09,Qualification,Consulting Pipeline,False,False,2025-11-27 16:48:47.766954,2025-10-27 16:48:47.766957,35
DEAL_0141,Deal 141,72506.59,Negotiation,Sales Pipeline,False,False,2025-12-17 16:48:47.766976,2025-10-25 16:48:47.766979,37
DEAL_0142,Deal 142,53696.88,Prospecting,Partnership Pipeline,False,False,2026-01-05 16:48:47.766998,2025-10-17 16:48:47.767001,47
DEAL_0143,Deal 143,35003.57,Prospecting,Consulting Pipeline,False,False,2026-01-04 16:48:47.767021,2025-11-19 16:48:47.767023,38
DEAL_0144,Deal 144,68281.85,Proposal,Partnership Pipeline,False,False,2026-01-07 16:48:47.767043,2025-09-26 16:48:47.767046,51
DEAL_0145,Deal 145,23332.69,Closed Lost,Sales Pipeline,True,False,2025-09-23 16:48:47.767065,2025-09-18 16:48:47.767068,0
DEAL_0146,Deal 146,37678.4,Closed Lost,Consulting Pipeline,True,False,2025-11-23 16:48:47.767086,2025-11-16 16:48:47.767089,0
DEAL_0147,Deal 147,18876.8,Closed Won,Sales Pipeline,True,True,2025-12-08 16:48:47.767106,2025-11-05 16:48:47.767109,100
DEAL_0148,Deal 148,47448.5,Closed Won,Consulting Pipeline,True,True,2025-10-20 16:48:47.767126,2025-07-09 16:48:47.767129,100
DEAL_0149,Deal 149,69053.89,Prospecting,Partnership Pipeline,False,False,2025-12-23 16:48:47.767147,2025-10-15 16:48:47.767149,81
DEAL_0150,Deal 150,24927.09,Proposal,Partnership Pipeline,False,False,2026-01-03 16:48:47.767169,2025-06-28 16:48:47.767172,20
DEAL_0151,Deal 151,21729.36,Qualification,Consulting Pipeline,False,False,2025-12-01 16:48:47.767191,2025-10-08 16:48:47.767194,58
DEAL_0152,Deal 152,32419.62,Closed Lost,Sales Pipeline,True,False,2025-10-02 16:48:47.767213,2025-12-01 16:48:47.767216,0
DEAL_0153,Deal 153,90556.23,Proposal,Consulting Pipeline,False,False,2025-11-27 16:48:47.767234,2025-11-09 16:48:47.767236,45
DEAL_0154,Deal 154,32657.24,Closed Won,Consulting Pipeline,True,True,2025-10-12 16:48:47.767255,2025-07-05 16:48:47.767258,100
DEAL_0155,Deal 155,83023.93,Negotiation,Partnership Pipeline,False,False,2025-11-12 16:48:47.767276,2025-11-26 16:48:47.767279,85
DEAL_0156,Deal 156,22519.25,Closed Won,Partnership Pipeline,True,True,2025-09-18 16:48:47.767298,2025-07-25 16:48:47.767301,100
DEAL_0157,Deal 157,23470.32,Qualification,Sales Pipeline,False,False,2025-12-27 16:48:47.767318,2025-08-20 16:48:47.767321,65
DEAL_0158,Deal 158,58823.62,Closed Lost,Consulting Pipeline,True,False,2025-09-17 16:48:47.767340,2025-06-14 16:48:47.767343,0
DEAL_0159,Deal 159,79163.42,Qualification,Sales Pipeline,False,False,2025-12-14 16:48:47.767360,2025-11-10 16:48:47.767363,51
DEAL_0160,Deal 160,98142.88,Prospecting,Consulting Pipeline,False,False,2025-12-13 16:48:47.767382,2025-07-29 16:48:47.767384,87
DEAL_0161,Deal 161,29481.76,Prospecting,Sales Pipeline,False,False,2025-11-12 16:48:47.767403,2025-08-01 16:48:47.767406,48
DEAL_0162,Deal 162,82611.73,Closed Won,Consulting Pipeline,True,True,2025-09-30 16:48:47.767425,2025-10-19 16:48:47.767428,100
DEAL_0163,Deal 163,49664.52,Negotiation,Sales Pipeline,False,False,2025-11-25 16:48:47.767445,2025-11-26 16:48:47.767448,36
DEAL_0164,Deal 164,15182.01,Prospecting,Sales Pipeline,False,False,2025-12-30 16:48:47.767467,2025-11-13 16:48:47.767469,82
DEAL_0165,Deal 165,54075.85,Qualification,Partnership Pipeline,False,False,2025-12-04 16:48:47.767500,2025-12-02 16:48:47.767504,30
DEAL_0166,Deal 166,3202.91,Qualification,Sales Pipeline,False,False,2025-11-24 16:48:47.767527,2025-07-14 16:48:47.767530,80
DEAL_0167,Deal 167,91074.62,Prospecting,Partnership Pipeline,False,False,2025-12-28 16:48:47.767550,2025-10-05 16:48:47.767553,16
DEAL_0168,Deal 168,74584.56,Proposal,Partnership Pipeline,False,False,2025-11-16 16:48:47.767573,2025-10-03 16:48:47.767575,76
DEAL_0169,Deal 169,50478.78,Qualification,Sales Pipeline,False,False,2026-01-05 16:48:47.767594,2025-12-08 16:48:47.767598,38
DEAL_0170,Deal 170,52674.73,Closed Lost,Sales Pipeline,True,False,2025-11-07 16:48:47.767617,2025-11-16 16:48:47.767619,0
DEAL_0171,Deal 171,32238.97,Prospecting,Partnership Pipeline,False,False,2025-11-23 16:48:47.767637,2025-09-01 16:48:47.767640,76
DEAL_0172,Deal 172,31926.24,Closed Won,Sales Pipeline,True,True,2025-10-10 16:48:47.767660,2025-07-17 16:48:47.767662,100
DEAL_0173,Deal 173,60399.53,Qualification,Sales Pipeline,False,False,2025-12-28 16:48:47.767679,2025-11-14 16:48:47.767682,54
DEAL_0174,Deal 174,48454.02,Negotiation,Consulting Pipeline,False,False,2025-12-18 16:48:47.767702,2025-08-14 16:48:47.767705,25
DEAL_0175,Deal 175,9450.01,Prospecting,Sales Pipeline,False,False,2025-12-12 16:48:47.767726,2025-07-05 16:48:47.767729,37
DEAL_0176,Deal 176,89832.64,Qualification,Consulting Pipeline,False,False,2025-11-19 16:48:47.767748,2025-07-07 16:48:47.767751,27
DEAL_0177,Deal 177,34046.61,Closed Won,Sales Pipeline,True,True,2025-10-13 16:48:47.767770,2025-10-06 16:48:47.767773,100
DEAL_0178,Deal 178,87417.77,Negotiation,Partnership Pipeline,False,False,2025-12-30 16:48:47.767790,2025-08-25 16:48:47.767793,84
DEAL_0179,Deal 179,5946.98,Qualification,Consulting Pipeline,False,False,2025-12-14 16:48:47.767812,2025-06-17 16:48:47.767815,30
DEAL_0180,Deal 180,31616.72,Prospecting,Sales Pipeline,False,False,2025-12-29 16:48:47.767835,2025-08-20 16:48:47.767837,49
DEAL_0181,Deal 181,8782.64,Closed Lost,Consulting Pipeline,True,False,2025-12-06 16:48:47.767857,2025-08-22 16:48:47.767860,0
DEAL_0182,Deal 182,20841.03,Closed Won,Consulting Pipeline,True,True,2025-11-27 16:48:47.767877,2025-06-22 16:48:47.767880,100
DEAL_0183,Deal 183,34937.95,Closed Won,Sales Pipeline,True,True,2025-10-08 16:48:47.767898,2025-06-29 16:48:47.767900,100
DEAL_0184,Deal 184,5804.57,Proposal,Sales Pipeline,False,False,2025-11-20 16:48:47.767918,2025-07-05 16:48:47.767921,85
DEAL_0185,Deal 185,16853.93,Proposal,Partnership Pipeline,False,False,2025-12-18 16:48:47.767940,2025-08-29 16:48:47.767942,26
DEAL_0186,Deal 186,6968.12,Proposal,Consulting Pipeline,False,False,2025-11-17 16:48:47.767962,2025-09-20 16:48:47.767965,23
DEAL_0187,Deal 187,54943.42,Proposal,Consulting Pipeline,False,False,2025-12-25 16:48:47.767983,2025-06-16 16:48:47.767986,14
DEAL_0188,Deal 188,29695.13,Qualification,Consulting Pipeline,False,False,2025-12-29 16:48:47.768006,2025-07-15 16:48:47.768008,39
DEAL_0189,Deal 189,35463.99,Closed Won,Partnership Pipeline,True,True,2025-11-22 16:48:47.768028,2025-10-28 16:48:47.768031,100
DEAL_0190,Deal 190,54633.13,Qualification,Partnership Pipeline,False,False,2025-12-20 16:48:47.768049,2025-10-10 16:48:47.768051,56
DEAL_0191,Deal 191,34946.16,Qualification,Partnership Pipeline,False,False,2025-11-30 16:48:47.768071,2025-07-02 16:48:47.768074,19
DEAL_0192,Deal 192,92376.75,Prospecting,Partnership Pipeline,False,False,2026-01-04 16:48:47.768093,2025-12-02 16:48:47.768095,49
DEAL_0193,Deal 193,64867.89,Proposal,Sales Pipeline,False,False,2025-11-23 16:48:47.768115,2025-08-29 16:48:47.768118,74
DEAL_0194,Deal 194,27634.2,Qualification,Partnership Pipeline,False,False,2025-11-21 16:48:47.768137,2025-08-11 16:48:47.768140,15
DEAL_0195,Deal 195,5040.18,Qualification,Consulting Pipeline,False,False,2025-12-22 16:48:47.768159,2025-09-04 16:48:47.768161,33
DEAL_0196,Deal 196,93592.5,Qualification,Partnership Pipeline,False,False,2025-11-17 16:48:47.768181,2025-10-24 16:48:47.768184,79
DEAL_0197,Deal 197,34718.19,Closed Won,Partnership Pipeline,True,True,2025-09-30 16:48:47.768203,2025-08-18 16:48:47.768206,100
DEAL_0198,Deal 198,2449.11,Negotiation,Partnership Pipeline,False,False,2025-12-08 16:48:47.768224,2025-10-01 16:48:47.768226,10
DEAL_0199,Deal 199,30630.15,Prospecting,Sales Pipeline,False,False,2025-12-08 16:48:47.768246,2025-07-17 16:48:47.768249,89
DEAL_0200,Deal 200,40020.14,Closed Lost,Sales Pipeline,True,False,2025-10-05 16:48:47.768268,2025-10-10 16:48:47.768271,0
DEAL_0201,Deal 201,45692.89,Closed Won,Consulting Pipeline,True,True,2025-11-12 16:48:47.768290,2025-10-17 16:48:47.768292,100
DEAL_0202,Deal 202,64109.98,Proposal,Consulting Pipeline,False,False,2025-12-14 16:48:47.768312,2025-06-18 16:48:47.768315,23
DEAL_0203,Deal 203,60031.0,Qualification,Sales Pipeline,False,False,2025-11-20 16:48:47.768335,2025-11-24 16:48:47.768337,58
DEAL_0204,Deal 204,62801.25,Prospecting,Consulting Pipeline,False,False,2026-01-03 16:48:47.768357,2025-08-09 16:48:47.768360,81
DEAL_0205,Deal 205,74261.54,Proposal,Sales Pipeline,False,False,2025-12-22 16:48:47.768380,2025-10-08 16:48:47.768383,71
DEAL_0206,Deal 206,71271.84,Negotiation,Sales Pipeline,False,False,2025-12-13 16:48:47.768403,2025-07-13 16:48:47.768406,27
DEAL_0207,Deal 207,28418.91,Prospecting,Sales Pipeline,False,False,2025-12-01 16:48:47.768425,2025-10-16 16:48:47.768428,35
DEAL_0208,Deal 208,35838.15,Proposal,Sales Pipeline,False,False,2025-12-10 16:48:47.768448,2025-08-18 16:48:47.768451,88
DEAL_0209,Deal 209,85634.8,Negotiation,Sales Pipeline,False,False,2026-01-03 16:48:47.768471,2025-07-14 16:48:47.768473,18
DEAL_0210,Deal 210,57513.13,Closed Won,Sales Pipeline,True,True,2025-10-21 16:48:47.768494,2025-08-04 16:48:47.768496,100
DEAL_0211,Deal 211,55557.37,Negotiation,Consulting Pipeline,False,False,2025-12-24 16:48:47.768514,2025-08-18 16:48:47.768516,76
DEAL_0212,Deal 212,39922.55,Qualification,Partnership Pipeline,False,False,2025-11-29 16:48:47.768535,2025-09-27 16:48:47.768538,19
DEAL_0213,Deal 213,51969.65,Closed Won,Partnership Pipeline,True,True,2025-11-24 16:48:47.768557,2025-10-26 16:48:47.768560,100
DEAL_0214,Deal 214,37926.04,Closed Lost,Consulting Pipeline,True,False,2025-11-18 16:48:47.768578,2025-08-20 16:48:47.768580,0
DEAL_0215,Deal 215,40997.66,Closed Won,Consulting Pipeline,True,True,2025-10-11 16:48:47.768598,2025-10-13 16:48:47.768601,100
DEAL_0216,Deal 216,65062.06,Closed Lost,Partnership Pipeline,True,False,2025-10-26 16:48:47.768619,2025-07-02 16:48:47.768621,0
DEAL_0217,Deal 217,11084.51,Prospecting,Sales Pipeline,False,False,2025-12-25 16:48:47.768639,2025-12-09 16:48:47.768642,69
DEAL_0218,Deal 218,21569.94,Prospecting,Partnership Pipeline,False,False,2026-01-04 16:48:47.768661,2025-11-19 16:48:47.768664,24
DEAL_0219,Deal 219,31674.36,Closed Won,Consulting Pipeline,True,True,2025-11-16 16:48:47.768683,2025-09-11 16:48:47.768686,100
DEAL_0220,Deal 220,86874.5,Prospecting,Consulting Pipeline,False,False,2025-11-17 16:48:47.768705,2025-08-27 16:48:47.768708,87
DEAL_0221,Deal 221,52610.89,Closed Won,Sales Pipeline,True,True,2025-10-26 16:48:47.768729,2025-11-18 16:48:47.768732,100
DEAL_0222,Deal 222,31727.6,Negotiation,Partnership Pipeline,False,False,2025-12-14 16:48:47.768750,2025-06-13 16:48:47.768753,59
DEAL_0223,Deal 223,52544.73,Prospecting,Partnership Pipeline,False,False,2025-11-11 16:48:47.768773,2025-07-31 16:48:47.768776,50
DEAL_0224,Deal 224,56645.34,Prospecting,Consulting Pipeline,False,False,2025-11-22 16:48:47.768797,2025-10-04 16:48:47.768799,79
DEAL_0225,Deal 225,74908.13,Prospecting,Sales Pipeline,False,False,2025-12-10 16:48:47.768820,2025-08-02 16:48:47.768823,49
DEAL_0226,Deal 226,41318.3,Prospecting,Sales Pipeline,False,False,2025-11-17 16:48:47.768842,2025-08-15 16:48:47.768845,65
DEAL_0227,Deal 227,73993.93,Closed Lost,Partnership Pipeline,True,False,2025-09-24 16:48:47.768866,2025-09-18 16:48:47.768868,0
DEAL_0228,Deal 228,1812.74,Proposal,Sales Pipeline,False,False,2025-12-23 16:48:47.768887,2025-06-19 16:48:47.768890,28
DEAL_0229,Deal 229,26455.78,Closed Won,Sales Pipeline,True,True,2025-11-29 16:48:47.768912,2025-07-11 16:48:47.768915,100
DEAL_0230,Deal 230,63436.07,Closed Won,Sales Pipeline,True,True,2025-11-24 16:48:47.768935,2025-09-13 16:48:47.768937,100
DEAL_0231,Deal 231,71947.73,Qualification,Partnership Pipeline,False,False,2025-11-15 16:48:47.768957,2025-10-06 16:48:47.768960,14
DEAL_0232,Deal 232,91326.72,Closed Lost,Sales Pipeline,True,False,2025-10-15 16:48:47.769007,2025-06-15 16:48:47.769010,0
DEAL_0233,Deal 233,22210.66,Closed Lost,Consulting Pipeline,True,False,2025-12-08 16:48:47.769028,2025-08-22 16:48:47.769031,0
DEAL_0234,Deal 234,85081.67,Closed Lost,Sales Pipeline,True,False,2025-10-24 16:48:47.769056,2025-10-10 16:48:47.769059,0
DEAL_0235,Deal 235,5266.62,Closed Lost,Sales Pipeline,True,False,2025-11-26 16:48:47.769078,2025-11-26 16:48:47.769081,0
DEAL_0236,Deal 236,39486.22,Proposal,Consulting Pipeline,False,False,2025-11-11 16:48:47.769100,2025-10-19 16:48:47.769103,46
DEAL_0237,Deal 237,67431.08,Closed Lost,Consulting Pipeline,True,False,2025-10-28 16:48:47.769122,2025-11-05 16:48:47.769125,0
DEAL_0238,Deal 238,5601.68,Qualification,Sales Pipeline,False,False,2025-12-12 16:48:47.769418,2025-07-31 16:48:47.769445,29
DEAL_0239,Deal 239,29315.31,Qualification,Consulting Pipeline,False,False,2025-12-03 16:48:47.769520,2025-07-26 16:48:47.769524,65
DEAL_0240,Deal 240,19390.23,Closed Lost,Sales Pipeline,True,False,2025-11-27 16:48:47.769550,2025-09-03 16:48:47.769552,0
DEAL_0241,Deal 241,29974.85,Proposal,Sales Pipeline,False,False,2025-11-24 16:48:47.769572,2025-06-15 16:48:47.769575,50
DEAL_0242,Deal 242,91851.01,Proposal,Sales Pipeline,False,False,2025-12-22 16:48:47.769595,2025-09-28 16:48:47.769598,14
DEAL_0243,Deal 243,17348.78,Negotiation,Consulting Pipeline,False,False,2025-11-16 16:48:47.769617,2025-06-22 16:48:47.769620,55
DEAL_0244,Deal 244,24833.53,Prospecting,Sales Pipeline,False,False,2025-11-23 16:48:47.769640,2025-10-05 16:48:47.769642,73
DEAL_0245,Deal 245,54215.04,Proposal,Partnership Pipeline,False,False,2025-11-26 16:48:47.769662,2025-11-03 16:48:47.769665,87
DEAL_0246,Deal 246,14917.33,Qualification,Consulting Pipeline,False,False,2025-11-21 16:48:47.769684,2025-07-04 16:48:47.769686,79
DEAL_0247,Deal 247,33674.31,Qualification,Consulting Pipeline,False,False,2025-12-12 16:48:47.769705,2025-09-17 16:48:47.769708,78
DEAL_0248,Deal 248,72492.52,Closed Lost,Sales Pipeline,True,False,2025-12-03 16:48:47.769728,2025-12-05 16:48:47.769732,0
DEAL_0249,Deal 249,54248.52,Proposal,Sales Pipeline,False,False,2025-11-17 16:48:47.769749,2025-11-17 16:48:47.769752,66
DEAL_0250,Deal 250,92385.74,Prospecting,Consulting Pipeline,False,False,2025-11-19 16:48:47.769771,2025-09-26 16:48:47.769773,83
DEAL_0251,Deal 251,78674.45,Prospecting,Sales Pipeline,False,False,2025-12-02 16:48:47.769792,2025-08-29 16:48:47.769795,79
DEAL_0252,Deal 252,26477.39,Negotiation,Sales Pipeline,False,False,2026-01-02 16:48:47.769814,2025-08-05 16:48:47.769817,84
DEAL_0253,Deal 253,71198.19,Qualification,Sales Pipeline,False,False,2025-12-13 16:48:47.769836,2025-11-11 16:48:47.769839,50
DEAL_0254,Deal 254,51821.21,Negotiation,Consulting Pipeline,False,False,2025-11-19 16:48:47.769857,2025-08-14 16:48:47.769860,47
DEAL_0255,Deal 255,55816.1,Prospecting,Consulting Pipeline,False,False,2025-11-23 16:48:47.769879,2025-09-23 16:48:47.769882,51
DEAL_0256,Deal 256,48180.04,Qualification,Sales Pipeline,False,False,2026-01-04 16:48:47.769902,2025-10-10 16:48:47.769904,81
DEAL_0257,Deal 257,78893.7,Prospecting,Sales Pipeline,False,False,2025-12-11 16:48:47.769923,2025-08-28 16:48:47.769926,71
DEAL_0258,Deal 258,12163.67,Closed Won,Partnership Pipeline,True,True,2025-10-27 16:48:47.769946,2025-07-10 16:48:47.769948,100
DEAL_0259,Deal 259,46013.29,Closed Lost,Sales Pipeline,True,False,2025-11-23 16:48:47.769966,2025-07-11 16:48:47.769968,0
DEAL_0260,Deal 260,42559.76,Negotiation,Consulting Pipeline,False,False,2025-12-19 16:48:47.769986,2025-06-18 16:48:47.769989,63
DEAL_0261,Deal 261,64310.49,Closed Won,Partnership Pipeline,True,True,2025-12-03 16:48:47.770007,2025-11-06 16:48:47.770010,100
DEAL_0262,Deal 262,12089.77,Closed Lost,Consulting Pipeline,True,False,2025-10-15 16:48:47.770028,2025-08-16 16:48:47.770030,0
DEAL_0263,Deal 263,12689.38,Proposal,Consulting Pipeline,False,False,2025-12-27 16:48:47.770048,2025-07-31 16:48:47.770050,24
DEAL_0264,Deal 264,29233.43,Closed Lost,Consulting Pipeline,True,False,2025-12-04 16:48:47.770069,2025-07-16 16:48:47.770072,0
DEAL_0265,Deal 265,37095.27,Negotiation,Partnership Pipeline,False,False,2025-12-01 16:48:47.770089,2025-07-26 16:48:47.770092,11
DEAL_0266,Deal 266,14182.2,Prospecting,Consulting Pipeline,False,False,2025-11-14 16:48:47.770111,2025-09-27 16:48:47.770113,81
DEAL_0267,Deal 267,8371.87,Closed Lost,Sales Pipeline,True,False,2025-11-17 16:48:47.770134,2025-08-23 16:48:47.770137,0
DEAL_0268,Deal 268,37117.49,Prospecting,Sales Pipeline,False,False,2025-12-30 16:48:47.770155,2025-08-06 16:48:47.770157,51
DEAL_0269,Deal 269,21036.61,Prospecting,Partnership Pipeline,False,False,2025-12-27 16:48:47.770177,2025-08-03 16:48:47.770179,34
DEAL_0270,Deal 270,61411.23,Prospecting,Partnership Pipeline,False,False,2025-12-07 16:48:47.770200,2025-08-19 16:48:47.770202,75
DEAL_0271,Deal 271,12254.89,Closed Lost,Partnership Pipeline,True,False,2025-11-16 16:48:47.770221,2025-09-09 16:48:47.770224,0
DEAL_0272,Deal 272,88075.17,Closed Lost,Consulting Pipeline,True,False,2025-09-14 16:48:47.770241,2025-11-03 16:48:47.770244,0
DEAL_0273,Deal 273,48110.0,Qualification,Consulting Pipeline,False,False,2025-11-09 16:48:47.770262,2025-08-02 16:48:47.770264,24
DEAL_0274,Deal 274,65827.94,Negotiation,Partnership Pipeline,False,False,2025-11-19 16:48:47.770283,2025-07-02 16:48:47.770286,38
DEAL_0275,Deal 275,96992.39,Prospecting,Partnership Pipeline,False,False,2025-12-14 16:48:47.770305,2025-09-15 16:48:47.770307,38
DEAL_0276,Deal 276,69669.72,Proposal,Partnership Pipeline,False,False,2025-11-27 16:48:47.770326,2025-10-25 16:48:47.770329,64
DEAL_0277,Deal 277,87484.57,Proposal,Sales Pipeline,False,False,2025-12-19 16:48:47.770348,2025-11-25 16:48:47.770351,10
DEAL_0278,Deal 278,82163.38,Proposal,Partnership Pipeline,False,False,2026-01-01 16:48:47.770430,2025-10-05 16:48:47.770434,75
DEAL_0279,Deal 279,82972.73,Proposal,Sales Pipeline,False,False,2025-12-01 16:48:47.770455,2025-06-26 16:48:47.770458,10
DEAL_0280,Deal 280,23185.19,Proposal,Sales Pipeline,False,False,2025-11-29 16:48:47.770568,2025-06-25 16:48:47.770578,65
DEAL_0281,Deal 281,60793.25,Proposal,Consulting Pipeline,False,False,2025-12-18 16:48:47.770609,2025-08-29 16:48:47.770613,39
DEAL_0282,Deal 282,80834.19,Proposal,Sales Pipeline,False,False,2025-11-22 16:48:47.770634,2025-10-17 16:48:47.770637,49
DEAL_0283,Deal 283,48829.64,Closed Lost,Consulting Pipeline,True,False,2025-09-16 16:48:47.770657,2025-08-12 16:48:47.770660,0
DEAL_0284,Deal 284,57898.99,Closed Lost,Sales Pipeline,True,False,2025-10-30 16:48:47.770678,2025-09-03 16:48:47.770681,0
DEAL_0285,Deal 285,32376.41,Closed Lost,Sales Pipeline,True,False,2025-10-22 16:48:47.770699,2025-10-01 16:48:47.770701,0
DEAL_0286,Deal 286,53966.56,Qualification,Sales Pipeline,False,False,2025-11-12 16:48:47.770779,2025-07-09 16:48:47.770789,68
DEAL_0287,Deal 287,36961.21,Closed Won,Partnership Pipeline,True,True,2025-10-29 16:48:47.770823,2025-11-09 16:48:47.770826,100
DEAL_0288,Deal 288,25737.2,Closed Won,Partnership Pipeline,True,True,2025-10-30 16:48:47.770845,2025-06-17 16:48:47.770848,100
DEAL_0289,Deal 289,58803.05,Prospecting,Partnership Pipeline,False,False,2025-12-16 16:48:47.770866,2025-07-22 16:48:47.770869,77
DEAL_0290,Deal 290,16940.3,Negotiation,Partnership Pipeline,False,False,2026-01-05 16:48:47.770888,2025-07-01 16:48:47.770891,50
DEAL_0291,Deal 291,35419.12,Prospecting,Sales Pipeline,False,False,2026-01-05 16:48:47.770973,2025-08-10 16:48:47.770983,82
DEAL_0292,Deal 292,8549.21,Prospecting,Sales Pipeline,False,False,2025-12-23 16:48:47.771021,2025-06-16 16:48:47.771024,88
DEAL_0293,Deal 293,46874.86,Proposal,Sales Pipeline,False,False,2025-12-01 16:48:47.771049,2025-09-10 16:48:47.771053,79
DEAL_0294,Deal 294,86665.89,Closed Won,Sales Pipeline,True,True,2025-12-08 16:48:47.771076,2025-09-07 16:48:47.771079,100
DEAL_0295,Deal 295,89348.84,Closed Lost,Partnership Pipeline,True,False,2025-09-30 16:48:47.771099,2025-06-26 16:48:47.771101,0
DEAL_0296,Deal 296,75912.16,Proposal,Partnership Pipeline,False,False,2025-12-16 16:48:47.771121,2025-09-14 16:48:47.771124,79
DEAL_0297,Deal 297,11378.54,Negotiation,Partnership Pipeline,False,False,2025-12-09 16:48:47.771146,2025-08-26 16:48:47.771149,63
DEAL_0298,Deal 298,24653.86,Prospecting,Partnership Pipeline,False,False,2026-01-07 16:48:47.771171,2025-10-01 16:48:47.771174,74
DEAL_0299,Deal 299,6588.03,Prospecting,Consulting Pipeline,False,False,2025-11-29 16:48:47.771196,2025-11-24 16:48:47.771199,70
DEAL_0300,Deal 300,85193.59,Negotiation,Partnership Pipeline,False,False,2025-12-16 16:48:47.771220,2025-06-26 16:48:47.771223,11
