account_id,company_name,industry,company_size,annual_revenue,employee_count,account_status,create_date,last_activity,source
ACC_0001,Company 1 Inc.,Consulting,Medium,8907659.86,6025,Prospect,2025-09-05 16:50:49.815688,2025-11-25 16:50:49.815699,Mock Enterprise CRM
ACC_0002,Company 2 Inc.,Manufacturing,Small,859868.9,5145,Active,2025-05-16 16:50:49.815764,2025-10-25 16:50:49.815769,Mock Enterprise CRM
ACC_0003,Company 3 Inc.,Manufacturing,Large,46956147.87,4002,Active,2024-05-29 16:50:49.815813,2025-10-28 16:50:49.815817,Mock Enterprise CRM
ACC_0004,Company 4 Inc.,Retail,Small,670908.01,970,Active,2024-10-08 16:50:49.815857,2025-10-28 16:50:49.815861,Mock Enterprise CRM
ACC_0005,Company 5 Inc.,Consulting,Small,948029.33,2369,Active,2025-05-04 16:50:49.815899,2025-10-24 16:50:49.815903,Mock Enterprise CRM
ACC_0006,Company 6 Inc.,Consulting,Enterprise,517504440.4,7912,Active,2025-11-05 16:50:49.815938,2025-10-28 16:50:49.815941,Mock Enterprise CRM
ACC_0007,Company 7 Inc.,Finance,Medium,9517617.77,3543,Prospect,2025-03-28 16:50:49.815974,2025-11-09 16:50:49.815977,Mock Enterprise CRM
ACC_0008,Company 8 Inc.,Consulting,Enterprise,310258753.49,6514,Prospect,2024-02-15 16:50:49.816011,2025-09-22 16:50:49.816014,Mock Enterprise CRM
ACC_0009,Company 9 Inc.,Manufacturing,Medium,7736194.4,490,Inactive,2024-09-14 16:50:49.816047,2025-09-21 16:50:49.816050,Mock Enterprise CRM
ACC_0010,Company 10 Inc.,Finance,Small,791516.29,8197,Inactive,2024-10-12 16:50:49.816083,2025-11-15 16:50:49.816086,Mock Enterprise CRM
ACC_0011,Company 11 Inc.,Technology,Large,83016018.82,3687,Active,2025-03-09 16:50:49.816120,2025-10-29 16:50:49.816122,Mock Enterprise CRM
ACC_0012,Company 12 Inc.,Retail,Small,916464.93,3798,Active,2025-12-04 16:50:49.816155,2025-11-27 16:50:49.816159,Mock Enterprise CRM
ACC_0013,Company 13 Inc.,Technology,Medium,1440583.66,5736,Prospect,2025-11-30 16:50:49.816191,2025-10-01 16:50:49.816194,Mock Enterprise CRM
ACC_0014,Company 14 Inc.,Retail,Enterprise,690858761.86,7741,Inactive,2025-07-08 16:50:49.816226,2025-11-30 16:50:49.816229,Mock Enterprise CRM
ACC_0015,Company 15 Inc.,Manufacturing,Small,435269.3,4515,Prospect,2025-10-31 16:50:49.816261,2025-11-04 16:50:49.816263,Mock Enterprise CRM
ACC_0016,Company 16 Inc.,Retail,Small,337867.11,310,Prospect,2025-04-04 16:50:49.816296,2025-12-05 16:50:49.816299,Mock Enterprise CRM
ACC_0017,Company 17 Inc.,Healthcare,Enterprise,377771231.8,7710,Prospect,2025-07-07 16:50:49.816381,2025-12-07 16:50:49.816396,Mock Enterprise CRM
ACC_0018,Company 18 Inc.,Retail,Small,701773.3,5060,Active,2025-02-13 16:50:49.816470,2025-10-18 16:50:49.816475,Mock Enterprise CRM
ACC_0019,Company 19 Inc.,Consulting,Small,795050.33,8412,Active,2025-11-04 16:50:49.816514,2025-10-03 16:50:49.816517,Mock Enterprise CRM
ACC_0020,Company 20 Inc.,Technology,Medium,9862020.79,3895,Active,2025-09-07 16:50:49.816551,2025-10-27 16:50:49.816554,Mock Enterprise CRM
ACC_0021,Company 21 Inc.,Consulting,Small,392411.43,1816,Inactive,2024-09-30 16:50:49.816587,2025-10-25 16:50:49.816590,Mock Enterprise CRM
ACC_0022,Company 22 Inc.,Healthcare,Large,90200816.01,8336,Active,2025-06-15 16:50:49.816623,2025-09-14 16:50:49.816626,Mock Enterprise CRM
ACC_0023,Company 23 Inc.,Retail,Large,27624478.97,7772,Active,2025-05-16 16:50:49.816660,2025-09-13 16:50:49.816663,Mock Enterprise CRM
ACC_0024,Company 24 Inc.,Technology,Small,729669.19,4586,Inactive,2024-02-04 16:50:49.816695,2025-09-26 16:50:49.816698,Mock Enterprise CRM
ACC_0025,Company 25 Inc.,Technology,Small,925501.23,2543,Prospect,2025-07-03 16:50:49.816730,2025-09-21 16:50:49.816733,Mock Enterprise CRM
ACC_0026,Company 26 Inc.,Finance,Small,788741.64,3360,Prospect,2024-10-21 16:50:49.816765,2025-10-07 16:50:49.816768,Mock Enterprise CRM
ACC_0027,Company 27 Inc.,Finance,Small,737458.24,2868,Inactive,2025-09-25 16:50:49.816800,2025-11-20 16:50:49.816803,Mock Enterprise CRM
ACC_0028,Company 28 Inc.,Finance,Small,771623.9,504,Active,2025-11-26 16:50:49.816835,2025-11-16 16:50:49.816838,Mock Enterprise CRM
ACC_0029,Company 29 Inc.,Manufacturing,Medium,2046596.72,1558,Active,2025-09-01 16:50:49.816869,2025-09-17 16:50:49.816872,Mock Enterprise CRM
ACC_0030,Company 30 Inc.,Consulting,Small,324107.46,7401,Inactive,2025-11-09 16:50:49.816903,2025-11-11 16:50:49.816906,Mock Enterprise CRM
ACC_0031,Company 31 Inc.,Technology,Small,408778.31,2769,Prospect,2024-08-02 16:50:49.816937,2025-11-11 16:50:49.816940,Mock Enterprise CRM
ACC_0032,Company 32 Inc.,Consulting,Medium,7747967.07,9823,Active,2025-04-14 16:50:49.816971,2025-11-15 16:50:49.816974,Mock Enterprise CRM
ACC_0033,Company 33 Inc.,Finance,Enterprise,494778066.87,2479,Prospect,2024-11-14 16:50:49.817006,2025-11-08 16:50:49.817009,Mock Enterprise CRM
ACC_0034,Company 34 Inc.,Healthcare,Small,964827.95,8704,Churned,2024-10-19 16:50:49.817043,2025-09-16 16:50:49.817046,Mock Enterprise CRM
ACC_0035,Company 35 Inc.,Consulting,Small,792416.65,4798,Inactive,2023-12-24 16:50:49.817079,2025-12-02 16:50:49.817082,Mock Enterprise CRM
ACC_0036,Company 36 Inc.,Retail,Medium,2742852.42,2761,Active,2024-05-05 16:50:49.817113,2025-11-24 16:50:49.817116,Mock Enterprise CRM
ACC_0037,Company 37 Inc.,Manufacturing,Small,931189.42,4302,Active,2024-12-17 16:50:49.817147,2025-11-26 16:50:49.817150,Mock Enterprise CRM
ACC_0038,Company 38 Inc.,Manufacturing,Medium,2043484.86,6552,Active,2025-12-08 16:50:49.817181,2025-10-19 16:50:49.817183,Mock Enterprise CRM
ACC_0039,Company 39 Inc.,Retail,Large,22536623.48,6977,Inactive,2025-07-06 16:50:49.817215,2025-11-30 16:50:49.817218,Mock Enterprise CRM
ACC_0040,Company 40 Inc.,Technology,Medium,7768657.4,5400,Inactive,2025-05-09 16:50:49.817249,2025-10-15 16:50:49.817252,Mock Enterprise CRM
ACC_0041,Company 41 Inc.,Finance,Medium,4845027.85,2490,Active,2025-12-08 16:50:49.817283,2025-09-13 16:50:49.817286,Mock Enterprise CRM
ACC_0042,Company 42 Inc.,Finance,Large,40283465.35,259,Active,2024-08-31 16:50:49.817335,2025-11-05 16:50:49.817338,Mock Enterprise CRM
ACC_0043,Company 43 Inc.,Retail,Small,923235.17,3524,Active,2025-08-29 16:50:49.817371,2025-10-24 16:50:49.817374,Mock Enterprise CRM
ACC_0044,Company 44 Inc.,Finance,Medium,9755613.39,510,Active,2025-10-18 16:50:49.817406,2025-12-07 16:50:49.817409,Mock Enterprise CRM
ACC_0045,Company 45 Inc.,Technology,Small,754747.92,1215,Inactive,2025-11-17 16:50:49.817441,2025-09-15 16:50:49.817444,Mock Enterprise CRM
ACC_0046,Company 46 Inc.,Finance,Small,758686.69,2670,Inactive,2024-05-15 16:50:49.817475,2025-09-28 16:50:49.817478,Mock Enterprise CRM
ACC_0047,Company 47 Inc.,Technology,Small,915710.82,5676,Active,2025-09-29 16:50:49.817510,2025-10-16 16:50:49.817513,Mock Enterprise CRM
ACC_0048,Company 48 Inc.,Retail,Small,689279.24,2727,Active,2024-09-21 16:50:49.817545,2025-10-27 16:50:49.817548,Mock Enterprise CRM
ACC_0049,Company 49 Inc.,Finance,Large,90453119.13,7298,Inactive,2025-02-18 16:50:49.817580,2025-09-28 16:50:49.817583,Mock Enterprise CRM
ACC_0050,Company 50 Inc.,Healthcare,Medium,9695439.37,7699,Active,2024-04-12 16:50:49.817615,2025-09-16 16:50:49.817619,Mock Enterprise CRM
ACC_0051,Company 51 Inc.,Healthcare,Small,189477.92,6043,Prospect,2024-05-15 16:50:49.817651,2025-09-16 16:50:49.817654,Mock Enterprise CRM
ACC_0052,Company 52 Inc.,Finance,Medium,9790837.2,6440,Active,2024-05-30 16:50:49.817686,2025-09-29 16:50:49.817689,Mock Enterprise CRM
ACC_0053,Company 53 Inc.,Technology,Small,845641.32,1709,Active,2024-03-06 16:50:49.817721,2025-11-04 16:50:49.817724,Mock Enterprise CRM
ACC_0054,Company 54 Inc.,Consulting,Medium,5995651.63,5850,Inactive,2023-12-11 16:50:49.817756,2025-10-20 16:50:49.817759,Mock Enterprise CRM
ACC_0055,Company 55 Inc.,Healthcare,Medium,7583421.14,8587,Inactive,2024-09-10 16:50:49.817790,2025-12-01 16:50:49.817793,Mock Enterprise CRM
ACC_0056,Company 56 Inc.,Manufacturing,Medium,1603119.4,7875,Active,2025-09-23 16:50:49.817824,2025-10-26 16:50:49.817826,Mock Enterprise CRM
ACC_0057,Company 57 Inc.,Technology,Small,983301.3,3029,Prospect,2024-06-19 16:50:49.817858,2025-09-11 16:50:49.817861,Mock Enterprise CRM
ACC_0058,Company 58 Inc.,Finance,Large,15321128.56,8646,Active,2024-01-06 16:50:49.817893,2025-10-15 16:50:49.817896,Mock Enterprise CRM
ACC_0059,Company 59 Inc.,Manufacturing,Enterprise,899927017.37,6347,Prospect,2025-11-14 16:50:49.817927,2025-12-02 16:50:49.817930,Mock Enterprise CRM
ACC_0060,Company 60 Inc.,Technology,Enterprise,391239847.65,9670,Active,2024-07-19 16:50:49.817962,2025-11-13 16:50:49.817964,Mock Enterprise CRM
ACC_0061,Company 61 Inc.,Manufacturing,Large,26677738.33,7908,Active,2024-11-29 16:50:49.817996,2025-09-26 16:50:49.817998,Mock Enterprise CRM
ACC_0062,Company 62 Inc.,Manufacturing,Medium,8175448.09,6930,Active,2024-05-16 16:50:49.818030,2025-11-15 16:50:49.818033,Mock Enterprise CRM
ACC_0063,Company 63 Inc.,Technology,Small,121998.24,2470,Churned,2025-06-24 16:50:49.818064,2025-11-21 16:50:49.818066,Mock Enterprise CRM
ACC_0064,Company 64 Inc.,Finance,Small,121914.76,3590,Active,2024-04-16 16:50:49.818097,2025-11-08 16:50:49.818100,Mock Enterprise CRM
ACC_0065,Company 65 Inc.,Consulting,Small,104578.73,9429,Inactive,2025-09-24 16:50:49.818131,2025-11-06 16:50:49.818134,Mock Enterprise CRM
ACC_0066,Company 66 Inc.,Technology,Enterprise,403837062.83,6961,Inactive,2024-03-19 16:50:49.818167,2025-10-15 16:50:49.818169,Mock Enterprise CRM
ACC_0067,Company 67 Inc.,Retail,Small,694031.72,8722,Prospect,2024-03-11 16:50:49.818200,2025-10-30 16:50:49.818203,Mock Enterprise CRM
ACC_0068,Company 68 Inc.,Consulting,Large,42849150.51,4834,Active,2024-07-06 16:50:49.818234,2025-10-10 16:50:49.818237,Mock Enterprise CRM
ACC_0069,Company 69 Inc.,Finance,Small,135119.71,2146,Inactive,2025-08-21 16:50:49.818268,2025-11-26 16:50:49.818271,Mock Enterprise CRM
ACC_0070,Company 70 Inc.,Finance,Large,30388505.45,2514,Active,2024-08-18 16:50:49.818301,2025-10-24 16:50:49.818304,Mock Enterprise CRM
ACC_0071,Company 71 Inc.,Technology,Small,415344.06,2832,Churned,2024-02-17 16:50:49.818335,2025-12-03 16:50:49.818337,Mock Enterprise CRM
ACC_0072,Company 72 Inc.,Finance,Large,43356841.89,135,Active,2024-06-28 16:50:49.818368,2025-11-07 16:50:49.818371,Mock Enterprise CRM
ACC_0073,Company 73 Inc.,Technology,Large,75907831.84,2250,Active,2024-02-03 16:50:49.818402,2025-11-23 16:50:49.818405,Mock Enterprise CRM
ACC_0074,Company 74 Inc.,Technology,Large,40931581.65,5708,Active,2025-08-14 16:50:49.818436,2025-11-03 16:50:49.818439,Mock Enterprise CRM
ACC_0075,Company 75 Inc.,Consulting,Small,756410.02,6758,Active,2024-11-22 16:50:49.818470,2025-09-29 16:50:49.818473,Mock Enterprise CRM
ACC_0076,Company 76 Inc.,Manufacturing,Small,761755.4,1676,Active,2023-12-28 16:50:49.818504,2025-12-09 16:50:49.818506,Mock Enterprise CRM
ACC_0077,Company 77 Inc.,Consulting,Medium,4455439.82,5097,Active,2025-07-12 16:50:49.818540,2025-11-21 16:50:49.818543,Mock Enterprise CRM
ACC_0078,Company 78 Inc.,Manufacturing,Medium,4122447.53,1742,Inactive,2024-03-29 16:50:49.818576,2025-09-23 16:50:49.818579,Mock Enterprise CRM
ACC_0079,Company 79 Inc.,Finance,Medium,8535621.07,9561,Churned,2024-01-18 16:50:49.818611,2025-09-17 16:50:49.818614,Mock Enterprise CRM
ACC_0080,Company 80 Inc.,Finance,Small,757225.25,2899,Active,2024-06-26 16:50:49.818645,2025-11-29 16:50:49.818648,Mock Enterprise CRM
ACC_0081,Company 81 Inc.,Technology,Medium,1393800.21,3534,Active,2025-05-14 16:50:49.818679,2025-12-06 16:50:49.818682,Mock Enterprise CRM
ACC_0082,Company 82 Inc.,Retail,Small,611769.74,2854,Active,2025-09-01 16:50:49.818713,2025-09-13 16:50:49.818716,Mock Enterprise CRM
ACC_0083,Company 83 Inc.,Finance,Small,496061.02,4378,Active,2025-04-29 16:50:49.818747,2025-09-30 16:50:49.818749,Mock Enterprise CRM
ACC_0084,Company 84 Inc.,Finance,Medium,5453787.25,4271,Active,2024-03-28 16:50:49.818780,2025-09-17 16:50:49.818783,Mock Enterprise CRM
ACC_0085,Company 85 Inc.,Manufacturing,Medium,8429178.54,5969,Active,2025-10-30 16:50:49.818814,2025-09-11 16:50:49.818817,Mock Enterprise CRM
ACC_0086,Company 86 Inc.,Technology,Large,72858934.84,5886,Active,2025-07-19 16:50:49.818848,2025-11-21 16:50:49.818851,Mock Enterprise CRM
ACC_0087,Company 87 Inc.,Technology,Large,36052845.46,2291,Active,2024-02-02 16:50:49.818882,2025-10-10 16:50:49.818885,Mock Enterprise CRM
ACC_0088,Company 88 Inc.,Technology,Small,786071.29,6508,Inactive,2025-03-06 16:50:49.818916,2025-11-09 16:50:49.818919,Mock Enterprise CRM
ACC_0089,Company 89 Inc.,Healthcare,Enterprise,171923274.87,4912,Active,2025-07-11 16:50:49.818950,2025-10-10 16:50:49.818953,Mock Enterprise CRM
ACC_0090,Company 90 Inc.,Healthcare,Small,107316.8,1567,Inactive,2024-03-31 16:50:49.818984,2025-12-05 16:50:49.818987,Mock Enterprise CRM
ACC_0091,Company 91 Inc.,Finance,Large,67202337.4,4837,Active,2024-05-27 16:50:49.819018,2025-10-05 16:50:49.819020,Mock Enterprise CRM
ACC_0092,Company 92 Inc.,Retail,Small,234339.03,521,Prospect,2024-08-15 16:50:49.819052,2025-11-12 16:50:49.819054,Mock Enterprise CRM
ACC_0093,Company 93 Inc.,Finance,Enterprise,652838360.37,9431,Active,2024-11-15 16:50:49.819086,2025-12-04 16:50:49.819088,Mock Enterprise CRM
ACC_0094,Company 94 Inc.,Technology,Small,367505.15,6165,Prospect,2025-04-12 16:50:49.819120,2025-10-04 16:50:49.819123,Mock Enterprise CRM
ACC_0095,Company 95 Inc.,Technology,Medium,5192438.47,791,Active,2025-02-17 16:50:49.819154,2025-10-07 16:50:49.819157,Mock Enterprise CRM
ACC_0096,Company 96 Inc.,Finance,Enterprise,776504115.79,9800,Prospect,2025-06-05 16:50:49.819188,2025-11-02 16:50:49.819191,Mock Enterprise CRM
ACC_0097,Company 97 Inc.,Technology,Large,84457398.9,5349,Prospect,2024-06-30 16:50:49.819222,2025-10-08 16:50:49.819224,Mock Enterprise CRM
ACC_0098,Company 98 Inc.,Consulting,Large,59645393.34,9890,Active,2025-02-13 16:50:49.819256,2025-10-01 16:50:49.819258,Mock Enterprise CRM
ACC_0099,Company 99 Inc.,Finance,Large,11685775.87,4220,Prospect,2024-12-19 16:50:49.819290,2025-10-31 16:50:49.819293,Mock Enterprise CRM
ACC_0100,Company 100 Inc.,Retail,Large,59964753.34,8515,Active,2024-11-01 16:50:49.819342,2025-12-01 16:50:49.819345,Mock Enterprise CRM
ACC_0101,Company 101 Inc.,Technology,Small,534373.24,5941,Inactive,2025-06-12 16:50:49.819378,2025-11-23 16:50:49.819381,Mock Enterprise CRM
ACC_0102,Company 102 Inc.,Finance,Small,364992.5,9235,Active,2024-03-17 16:50:49.819414,2025-10-05 16:50:49.819417,Mock Enterprise CRM
ACC_0103,Company 103 Inc.,Consulting,Large,22046712.57,2080,Inactive,2025-05-29 16:50:49.819450,2025-09-21 16:50:49.819453,Mock Enterprise CRM
ACC_0104,Company 104 Inc.,Finance,Small,510291.32,1933,Inactive,2024-02-25 16:50:49.819485,2025-10-17 16:50:49.819488,Mock Enterprise CRM
ACC_0105,Company 105 Inc.,Finance,Enterprise,741949879.01,7758,Active,2025-02-07 16:50:49.819520,2025-09-26 16:50:49.819523,Mock Enterprise CRM
ACC_0106,Company 106 Inc.,Retail,Enterprise,687570720.1,2984,Active,2024-06-27 16:50:49.819555,2025-10-15 16:50:49.819558,Mock Enterprise CRM
ACC_0107,Company 107 Inc.,Technology,Medium,3893636.01,3174,Active,2024-11-28 16:50:49.819589,2025-09-15 16:50:49.819592,Mock Enterprise CRM
ACC_0108,Company 108 Inc.,Manufacturing,Enterprise,570422313.63,171,Churned,2025-06-17 16:50:49.819624,2025-09-27 16:50:49.819626,Mock Enterprise CRM
ACC_0109,Company 109 Inc.,Healthcare,Large,81713958.56,4705,Prospect,2025-10-30 16:50:49.819658,2025-10-19 16:50:49.819661,Mock Enterprise CRM
ACC_0110,Company 110 Inc.,Consulting,Large,15360248.37,1821,Active,2025-01-10 16:50:49.819693,2025-11-03 16:50:49.819696,Mock Enterprise CRM
ACC_0111,Company 111 Inc.,Healthcare,Small,295821.55,7920,Prospect,2024-12-05 16:50:49.819728,2025-09-16 16:50:49.819730,Mock Enterprise CRM
ACC_0112,Company 112 Inc.,Retail,Enterprise,784109906.09,4875,Active,2025-08-10 16:50:49.819761,2025-10-31 16:50:49.819764,Mock Enterprise CRM
ACC_0113,Company 113 Inc.,Manufacturing,Large,26419060.24,9489,Churned,2025-04-17 16:50:49.819795,2025-11-13 16:50:49.819798,Mock Enterprise CRM
ACC_0114,Company 114 Inc.,Manufacturing,Small,666175.81,1211,Active,2025-11-27 16:50:49.819829,2025-12-06 16:50:49.819831,Mock Enterprise CRM
ACC_0115,Company 115 Inc.,Retail,Large,79115427.46,9811,Inactive,2024-05-07 16:50:49.819862,2025-09-17 16:50:49.819865,Mock Enterprise CRM
ACC_0116,Company 116 Inc.,Retail,Large,58402022.34,1170,Active,2025-07-08 16:50:49.819896,2025-12-04 16:50:49.819899,Mock Enterprise CRM
ACC_0117,Company 117 Inc.,Retail,Medium,3489269.83,295,Active,2025-01-10 16:50:49.819930,2025-09-15 16:50:49.819933,Mock Enterprise CRM
ACC_0118,Company 118 Inc.,Retail,Large,52518197.39,9999,Prospect,2024-02-06 16:50:49.819964,2025-10-12 16:50:49.819967,Mock Enterprise CRM
ACC_0119,Company 119 Inc.,Finance,Small,233998.9,7843,Active,2025-06-23 16:50:49.820064,2025-10-18 16:50:49.820074,Mock Enterprise CRM
ACC_0120,Company 120 Inc.,Finance,Medium,4916034.45,5406,Active,2024-12-11 16:50:49.820135,2025-09-21 16:50:49.820139,Mock Enterprise CRM
ACC_0121,Company 121 Inc.,Finance,Small,981940.1,1588,Prospect,2024-02-10 16:50:49.820181,2025-12-01 16:50:49.820185,Mock Enterprise CRM
ACC_0122,Company 122 Inc.,Healthcare,Medium,2375882.36,9038,Active,2024-03-26 16:50:49.820223,2025-09-23 16:50:49.820227,Mock Enterprise CRM
ACC_0123,Company 123 Inc.,Consulting,Large,31545499.17,1990,Active,2025-04-19 16:50:49.820265,2025-11-06 16:50:49.820268,Mock Enterprise CRM
ACC_0124,Company 124 Inc.,Finance,Small,748661.3,2711,Churned,2024-01-18 16:50:49.820303,2025-10-30 16:50:49.820305,Mock Enterprise CRM
ACC_0125,Company 125 Inc.,Finance,Large,28887025.11,7115,Inactive,2024-01-02 16:50:49.820340,2025-11-29 16:50:49.820343,Mock Enterprise CRM
ACC_0126,Company 126 Inc.,Healthcare,Medium,6871241.6,5489,Active,2024-09-28 16:50:49.820375,2025-11-13 16:50:49.820377,Mock Enterprise CRM
ACC_0127,Company 127 Inc.,Retail,Small,126072.23,4683,Prospect,2025-01-31 16:50:49.820409,2025-11-28 16:50:49.820412,Mock Enterprise CRM
ACC_0128,Company 128 Inc.,Finance,Medium,4572948.91,5490,Inactive,2025-02-21 16:50:49.820443,2025-11-05 16:50:49.820446,Mock Enterprise CRM
ACC_0129,Company 129 Inc.,Retail,Large,78570365.9,3943,Prospect,2024-02-29 16:50:49.820478,2025-09-25 16:50:49.820481,Mock Enterprise CRM
ACC_0130,Company 130 Inc.,Consulting,Large,94460373.72,6612,Active,2025-02-14 16:50:49.820514,2025-12-02 16:50:49.820516,Mock Enterprise CRM
ACC_0131,Company 131 Inc.,Retail,Medium,7855864.21,6198,Active,2025-08-11 16:50:49.820548,2025-09-26 16:50:49.820551,Mock Enterprise CRM
ACC_0132,Company 132 Inc.,Manufacturing,Large,22508488.49,3103,Active,2025-11-09 16:50:49.820583,2025-11-19 16:50:49.820585,Mock Enterprise CRM
ACC_0133,Company 133 Inc.,Consulting,Large,31605333.53,542,Inactive,2025-09-02 16:50:49.820617,2025-10-14 16:50:49.820619,Mock Enterprise CRM
ACC_0134,Company 134 Inc.,Technology,Medium,1544547.61,9687,Inactive,2024-05-07 16:50:49.820651,2025-11-19 16:50:49.820654,Mock Enterprise CRM
ACC_0135,Company 135 Inc.,Healthcare,Large,43354018.08,852,Active,2025-02-18 16:50:49.820685,2025-10-22 16:50:49.820688,Mock Enterprise CRM
ACC_0136,Company 136 Inc.,Consulting,Small,448409.39,6910,Inactive,2025-10-12 16:50:49.820719,2025-10-23 16:50:49.820722,Mock Enterprise CRM
ACC_0137,Company 137 Inc.,Manufacturing,Small,783022.04,6009,Prospect,2024-05-16 16:50:49.820753,2025-10-22 16:50:49.820756,Mock Enterprise CRM
ACC_0138,Company 138 Inc.,Retail,Small,835852.82,9445,Active,2023-12-23 16:50:49.820788,2025-11-07 16:50:49.820791,Mock Enterprise CRM
ACC_0139,Company 139 Inc.,Technology,Medium,3095886.56,2820,Active,2024-07-25 16:50:49.820823,2025-09-14 16:50:49.820826,Mock Enterprise CRM
ACC_0140,Company 140 Inc.,Finance,Medium,3996923.01,9339,Prospect,2024-06-08 16:50:49.820858,2025-10-13 16:50:49.820861,Mock Enterprise CRM
ACC_0141,Company 141 Inc.,Technology,Large,84562000.46,5059,Active,2024-09-09 16:50:49.820893,2025-11-15 16:50:49.820896,Mock Enterprise CRM
ACC_0142,Company 142 Inc.,Healthcare,Enterprise,404904186.37,565,Active,2025-04-13 16:50:49.820928,2025-11-21 16:50:49.820931,Mock Enterprise CRM
ACC_0143,Company 143 Inc.,Retail,Small,182439.49,8102,Inactive,2023-12-14 16:50:49.820964,2025-11-26 16:50:49.820966,Mock Enterprise CRM
ACC_0144,Company 144 Inc.,Retail,Medium,9742766.17,3007,Prospect,2024-06-24 16:50:49.820998,2025-12-07 16:50:49.821001,Mock Enterprise CRM
ACC_0145,Company 145 Inc.,Technology,Small,631349.38,2255,Prospect,2025-06-30 16:50:49.821033,2025-09-21 16:50:49.821036,Mock Enterprise CRM
ACC_0146,Company 146 Inc.,Retail,Medium,5003518.18,600,Active,2025-10-06 16:50:49.821068,2025-10-23 16:50:49.821071,Mock Enterprise CRM
ACC_0147,Company 147 Inc.,Retail,Small,632431.32,2304,Inactive,2024-05-01 16:50:49.821104,2025-11-14 16:50:49.821107,Mock Enterprise CRM
ACC_0148,Company 148 Inc.,Finance,Small,578578.22,8420,Active,2025-06-23 16:50:49.821138,2025-10-09 16:50:49.821141,Mock Enterprise CRM
ACC_0149,Company 149 Inc.,Manufacturing,Medium,8728395.11,1711,Prospect,2025-11-09 16:50:49.821173,2025-11-26 16:50:49.821176,Mock Enterprise CRM
ACC_0150,Company 150 Inc.,Retail,Small,954564.51,2239,Active,2025-08-15 16:50:49.821209,2025-12-01 16:50:49.821212,Mock Enterprise CRM
ACC_0151,Company 151 Inc.,Finance,Large,10851299.18,686,Inactive,2025-11-28 16:50:49.821244,2025-11-13 16:50:49.821246,Mock Enterprise CRM
ACC_0152,Company 152 Inc.,Technology,Small,744133.44,6397,Active,2024-10-01 16:50:49.821278,2025-10-17 16:50:49.821281,Mock Enterprise CRM
ACC_0153,Company 153 Inc.,Healthcare,Enterprise,209606777.31,44,Active,2025-04-22 16:50:49.821313,2025-10-17 16:50:49.821316,Mock Enterprise CRM
ACC_0154,Company 154 Inc.,Manufacturing,Small,340216.11,7838,Active,2025-04-07 16:50:49.821348,2025-12-02 16:50:49.821351,Mock Enterprise CRM
ACC_0155,Company 155 Inc.,Healthcare,Small,833733.25,1144,Active,2024-12-07 16:50:49.821383,2025-11-10 16:50:49.821386,Mock Enterprise CRM
ACC_0156,Company 156 Inc.,Healthcare,Medium,1811784.89,1037,Active,2024-10-17 16:50:49.821417,2025-11-29 16:50:49.821420,Mock Enterprise CRM
ACC_0157,Company 157 Inc.,Manufacturing,Small,784798.82,413,Active,2024-09-15 16:50:49.821452,2025-11-10 16:50:49.821455,Mock Enterprise CRM
ACC_0158,Company 158 Inc.,Consulting,Medium,1899791.39,5079,Inactive,2025-12-02 16:50:49.821487,2025-11-03 16:50:49.821490,Mock Enterprise CRM
ACC_0159,Company 159 Inc.,Technology,Small,571580.12,7719,Prospect,2024-09-06 16:50:49.821522,2025-12-08 16:50:49.821525,Mock Enterprise CRM
ACC_0160,Company 160 Inc.,Retail,Large,74501977.85,4661,Prospect,2025-01-13 16:50:49.821556,2025-11-22 16:50:49.821559,Mock Enterprise CRM
ACC_0161,Company 161 Inc.,Healthcare,Small,235614.11,3441,Active,2024-01-20 16:50:49.821591,2025-10-01 16:50:49.821594,Mock Enterprise CRM
ACC_0162,Company 162 Inc.,Manufacturing,Large,73381036.51,9918,Active,2025-08-14 16:50:49.821626,2025-10-31 16:50:49.821628,Mock Enterprise CRM
ACC_0163,Company 163 Inc.,Finance,Medium,8530814.02,3758,Inactive,2024-08-29 16:50:49.821660,2025-11-24 16:50:49.821663,Mock Enterprise CRM
ACC_0164,Company 164 Inc.,Technology,Medium,2359215.58,4789,Active,2024-09-24 16:50:49.821695,2025-10-17 16:50:49.821698,Mock Enterprise CRM
ACC_0165,Company 165 Inc.,Technology,Medium,6754055.94,3982,Prospect,2024-02-03 16:50:49.821747,2025-11-24 16:50:49.821751,Mock Enterprise CRM
ACC_0166,Company 166 Inc.,Retail,Small,641963.87,6463,Active,2024-08-16 16:50:49.821786,2025-11-17 16:50:49.821789,Mock Enterprise CRM
ACC_0167,Company 167 Inc.,Manufacturing,Medium,7719036.3,5073,Prospect,2024-11-17 16:50:49.821822,2025-10-24 16:50:49.821825,Mock Enterprise CRM
ACC_0168,Company 168 Inc.,Healthcare,Medium,3491246.4,845,Active,2024-11-04 16:50:49.821859,2025-12-06 16:50:49.821862,Mock Enterprise CRM
ACC_0169,Company 169 Inc.,Finance,Enterprise,639074114.33,6992,Active,2024-04-07 16:50:49.821895,2025-09-23 16:50:49.821898,Mock Enterprise CRM
ACC_0170,Company 170 Inc.,Consulting,Medium,8903839.03,1983,Active,2024-02-03 16:50:49.821932,2025-12-03 16:50:49.821936,Mock Enterprise CRM
ACC_0171,Company 171 Inc.,Technology,Medium,1649584.72,8861,Active,2024-08-05 16:50:49.821969,2025-09-25 16:50:49.821972,Mock Enterprise CRM
ACC_0172,Company 172 Inc.,Manufacturing,Small,361405.1,4163,Active,2025-08-05 16:50:49.822005,2025-10-28 16:50:49.822008,Mock Enterprise CRM
ACC_0173,Company 173 Inc.,Healthcare,Small,650937.4,8819,Active,2024-11-22 16:50:49.822040,2025-10-16 16:50:49.822044,Mock Enterprise CRM
ACC_0174,Company 174 Inc.,Healthcare,Small,786261.18,161,Active,2025-07-27 16:50:49.822094,2025-10-26 16:50:49.822097,Mock Enterprise CRM
ACC_0175,Company 175 Inc.,Consulting,Medium,2621083.12,7212,Active,2025-06-26 16:50:49.822129,2025-10-01 16:50:49.822132,Mock Enterprise CRM
ACC_0176,Company 176 Inc.,Healthcare,Large,80518903.36,9884,Inactive,2024-10-21 16:50:49.822164,2025-11-21 16:50:49.822167,Mock Enterprise CRM
ACC_0177,Company 177 Inc.,Retail,Enterprise,608807641.96,2736,Inactive,2025-03-22 16:50:49.822200,2025-11-26 16:50:49.822202,Mock Enterprise CRM
ACC_0178,Company 178 Inc.,Manufacturing,Small,112704.02,5991,Active,2024-02-13 16:50:49.822234,2025-09-30 16:50:49.822237,Mock Enterprise CRM
ACC_0179,Company 179 Inc.,Technology,Small,663810.74,8623,Inactive,2025-10-11 16:50:49.822269,2025-09-24 16:50:49.822271,Mock Enterprise CRM
ACC_0180,Company 180 Inc.,Healthcare,Small,533376.51,7321,Active,2025-04-22 16:50:49.822303,2025-10-15 16:50:49.822306,Mock Enterprise CRM
ACC_0181,Company 181 Inc.,Finance,Enterprise,985333189.7,5123,Active,2025-02-02 16:50:49.822418,2025-10-08 16:50:49.822428,Mock Enterprise CRM
ACC_0182,Company 182 Inc.,Manufacturing,Medium,1557897.67,5610,Inactive,2024-12-27 16:50:49.822496,2025-10-16 16:50:49.822500,Mock Enterprise CRM
ACC_0183,Company 183 Inc.,Consulting,Medium,7168222.83,7721,Inactive,2024-06-18 16:50:49.822544,2025-10-03 16:50:49.822547,Mock Enterprise CRM
ACC_0184,Company 184 Inc.,Finance,Medium,4652936.53,5834,Inactive,2024-02-01 16:50:49.822585,2025-11-25 16:50:49.822589,Mock Enterprise CRM
ACC_0185,Company 185 Inc.,Consulting,Small,761032.38,6245,Inactive,2024-09-01 16:50:49.822622,2025-11-02 16:50:49.822625,Mock Enterprise CRM
ACC_0186,Company 186 Inc.,Healthcare,Medium,9344054.88,5044,Prospect,2025-04-11 16:50:49.822658,2025-12-02 16:50:49.822661,Mock Enterprise CRM
ACC_0187,Company 187 Inc.,Manufacturing,Large,13716077.95,2504,Prospect,2025-03-03 16:50:49.822702,2025-12-06 16:50:49.822705,Mock Enterprise CRM
ACC_0188,Company 188 Inc.,Finance,Medium,6448868.22,7054,Active,2024-05-17 16:50:49.822769,2025-10-09 16:50:49.822783,Mock Enterprise CRM
ACC_0189,Company 189 Inc.,Technology,Enterprise,847810941.77,4492,Active,2024-04-24 16:50:49.822879,2025-09-29 16:50:49.822884,Mock Enterprise CRM
ACC_0190,Company 190 Inc.,Consulting,Large,91837739.34,2482,Active,2025-10-08 16:50:49.822931,2025-10-07 16:50:49.822934,Mock Enterprise CRM
ACC_0191,Company 191 Inc.,Healthcare,Large,57105544.1,5605,Active,2024-02-26 16:50:49.822969,2025-12-03 16:50:49.822972,Mock Enterprise CRM
ACC_0192,Company 192 Inc.,Consulting,Small,998983.12,310,Active,2024-06-06 16:50:49.823005,2025-11-13 16:50:49.823008,Mock Enterprise CRM
ACC_0193,Company 193 Inc.,Finance,Medium,3846238.24,7890,Active,2025-07-22 16:50:49.823041,2025-10-24 16:50:49.823044,Mock Enterprise CRM
ACC_0194,Company 194 Inc.,Manufacturing,Medium,1501659.45,1456,Active,2024-06-14 16:50:49.823077,2025-11-01 16:50:49.823080,Mock Enterprise CRM
ACC_0195,Company 195 Inc.,Retail,Small,365279.8,5271,Active,2025-03-28 16:50:49.823113,2025-09-19 16:50:49.823116,Mock Enterprise CRM
ACC_0196,Company 196 Inc.,Technology,Medium,2256720.54,8573,Prospect,2024-06-27 16:50:49.823148,2025-11-23 16:50:49.823151,Mock Enterprise CRM
ACC_0197,Company 197 Inc.,Healthcare,Medium,1958052.43,9526,Active,2025-03-23 16:50:49.823183,2025-11-27 16:50:49.823186,Mock Enterprise CRM
ACC_0198,Company 198 Inc.,Retail,Enterprise,932273317.91,6821,Inactive,2025-06-29 16:50:49.823279,2025-11-17 16:50:49.823289,Mock Enterprise CRM
ACC_0199,Company 199 Inc.,Finance,Medium,7360984.38,4719,Active,2024-06-01 16:50:49.823355,2025-11-24 16:50:49.823358,Mock Enterprise CRM
ACC_0200,Company 200 Inc.,Finance,Medium,8790393.04,635,Prospect,2024-11-05 16:50:49.823395,2025-09-22 16:50:49.823398,Mock Enterprise CRM
ACC_0201,Company 201 Inc.,Retail,Large,56604109.25,8332,Active,2024-02-26 16:50:49.823432,2025-10-01 16:50:49.823435,Mock Enterprise CRM
ACC_0202,Company 202 Inc.,Retail,Small,693378.47,256,Inactive,2024-05-14 16:50:49.823470,2025-11-22 16:50:49.823473,Mock Enterprise CRM
ACC_0203,Company 203 Inc.,Finance,Small,358143.98,2400,Active,2025-03-20 16:50:49.823505,2025-10-23 16:50:49.823508,Mock Enterprise CRM
ACC_0204,Company 204 Inc.,Consulting,Large,89056348.65,4216,Churned,2024-03-08 16:50:49.823540,2025-09-30 16:50:49.823543,Mock Enterprise CRM
ACC_0205,Company 205 Inc.,Consulting,Large,95984097.65,814,Active,2025-06-24 16:50:49.823575,2025-11-18 16:50:49.823578,Mock Enterprise CRM
ACC_0206,Company 206 Inc.,Technology,Enterprise,447225463.91,9226,Active,2025-04-11 16:50:49.823611,2025-11-05 16:50:49.823614,Mock Enterprise CRM
ACC_0207,Company 207 Inc.,Technology,Small,874990.23,7176,Prospect,2024-05-05 16:50:49.823646,2025-10-21 16:50:49.823649,Mock Enterprise CRM
ACC_0208,Company 208 Inc.,Technology,Medium,2220939.61,6870,Prospect,2025-10-22 16:50:49.823681,2025-09-26 16:50:49.823684,Mock Enterprise CRM
ACC_0209,Company 209 Inc.,Consulting,Small,807483.43,9972,Active,2024-11-01 16:50:49.823715,2025-11-30 16:50:49.823718,Mock Enterprise CRM
ACC_0210,Company 210 Inc.,Finance,Medium,7818989.64,4295,Active,2025-07-01 16:50:49.823749,2025-11-23 16:50:49.823752,Mock Enterprise CRM
ACC_0211,Company 211 Inc.,Technology,Large,95542059.31,6955,Inactive,2025-06-22 16:50:49.823783,2025-09-12 16:50:49.823786,Mock Enterprise CRM
ACC_0212,Company 212 Inc.,Manufacturing,Small,155236.63,1312,Inactive,2024-10-19 16:50:49.823817,2025-09-19 16:50:49.823819,Mock Enterprise CRM
ACC_0213,Company 213 Inc.,Technology,Large,45752380.99,7053,Inactive,2024-01-07 16:50:49.823850,2025-10-14 16:50:49.823853,Mock Enterprise CRM
ACC_0214,Company 214 Inc.,Finance,Small,397852.33,3412,Active,2025-04-02 16:50:49.823884,2025-12-03 16:50:49.823887,Mock Enterprise CRM
ACC_0215,Company 215 Inc.,Retail,Medium,9620068.23,8520,Prospect,2024-04-13 16:50:49.823918,2025-11-24 16:50:49.823921,Mock Enterprise CRM
ACC_0216,Company 216 Inc.,Retail,Small,355397.51,1398,Prospect,2024-10-08 16:50:49.823952,2025-12-05 16:50:49.823955,Mock Enterprise CRM
ACC_0217,Company 217 Inc.,Consulting,Medium,8957545.96,1173,Active,2024-08-19 16:50:49.823986,2025-09-29 16:50:49.823989,Mock Enterprise CRM
ACC_0218,Company 218 Inc.,Manufacturing,Small,619935.84,6771,Active,2024-01-31 16:50:49.824020,2025-09-18 16:50:49.824023,Mock Enterprise CRM
ACC_0219,Company 219 Inc.,Retail,Medium,5110159.38,2958,Inactive,2025-11-06 16:50:49.824054,2025-11-04 16:50:49.824056,Mock Enterprise CRM
ACC_0220,Company 220 Inc.,Retail,Small,477268.7,8929,Inactive,2025-06-30 16:50:49.824087,2025-09-11 16:50:49.824090,Mock Enterprise CRM
ACC_0221,Company 221 Inc.,Consulting,Small,613870.06,4072,Active,2024-04-15 16:50:49.824121,2025-10-08 16:50:49.824124,Mock Enterprise CRM
ACC_0222,Company 222 Inc.,Consulting,Large,79576477.13,843,Inactive,2025-12-03 16:50:49.824154,2025-09-17 16:50:49.824157,Mock Enterprise CRM
ACC_0223,Company 223 Inc.,Technology,Small,561062.37,4990,Active,2025-10-01 16:50:49.824188,2025-11-09 16:50:49.824191,Mock Enterprise CRM
ACC_0224,Company 224 Inc.,Finance,Small,969349.1,799,Active,2025-10-16 16:50:49.824221,2025-10-07 16:50:49.824224,Mock Enterprise CRM
ACC_0225,Company 225 Inc.,Healthcare,Medium,7795412.69,6633,Active,2024-10-15 16:50:49.824255,2025-10-31 16:50:49.824258,Mock Enterprise CRM
ACC_0226,Company 226 Inc.,Consulting,Large,41021293.97,2842,Active,2025-08-02 16:50:49.824288,2025-09-13 16:50:49.824291,Mock Enterprise CRM
ACC_0227,Company 227 Inc.,Manufacturing,Medium,6440444.75,7258,Inactive,2025-03-05 16:50:49.824322,2025-10-24 16:50:49.824325,Mock Enterprise CRM
ACC_0228,Company 228 Inc.,Retail,Small,790665.51,3840,Active,2025-12-06 16:50:49.824356,2025-12-06 16:50:49.824358,Mock Enterprise CRM
ACC_0229,Company 229 Inc.,Manufacturing,Small,957316.68,6789,Active,2024-04-04 16:50:49.824389,2025-10-23 16:50:49.824392,Mock Enterprise CRM
ACC_0230,Company 230 Inc.,Healthcare,Small,857806.51,9303,Active,2025-10-09 16:50:49.824423,2025-11-30 16:50:49.824425,Mock Enterprise CRM
ACC_0231,Company 231 Inc.,Healthcare,Medium,5876604.04,2523,Active,2025-05-11 16:50:49.824457,2025-09-30 16:50:49.824459,Mock Enterprise CRM
ACC_0232,Company 232 Inc.,Manufacturing,Enterprise,128719768.54,251,Prospect,2025-07-03 16:50:49.824492,2025-12-05 16:50:49.824495,Mock Enterprise CRM
ACC_0233,Company 233 Inc.,Finance,Large,83441570.29,4464,Active,2023-12-15 16:50:49.824527,2025-10-14 16:50:49.824530,Mock Enterprise CRM
ACC_0234,Company 234 Inc.,Consulting,Small,136240.57,3042,Active,2025-05-07 16:50:49.824562,2025-11-01 16:50:49.824565,Mock Enterprise CRM
ACC_0235,Company 235 Inc.,Manufacturing,Medium,4987251.06,8049,Active,2024-01-27 16:50:49.824596,2025-10-11 16:50:49.824599,Mock Enterprise CRM
ACC_0236,Company 236 Inc.,Finance,Small,867967.8,7861,Churned,2024-12-12 16:50:49.824630,2025-09-30 16:50:49.824633,Mock Enterprise CRM
ACC_0237,Company 237 Inc.,Healthcare,Small,394224.72,3272,Active,2024-10-27 16:50:49.824664,2025-09-17 16:50:49.824667,Mock Enterprise CRM
ACC_0238,Company 238 Inc.,Finance,Enterprise,911861594.65,9096,Active,2024-05-18 16:50:49.824700,2025-10-26 16:50:49.824703,Mock Enterprise CRM
ACC_0239,Company 239 Inc.,Consulting,Large,48477253.33,8250,Prospect,2024-06-17 16:50:49.824736,2025-10-31 16:50:49.824739,Mock Enterprise CRM
ACC_0240,Company 240 Inc.,Retail,Medium,3223127.64,2046,Active,2024-07-26 16:50:49.824770,2025-11-14 16:50:49.824773,Mock Enterprise CRM
ACC_0241,Company 241 Inc.,Finance,Large,59989864.77,236,Inactive,2025-01-11 16:50:49.824805,2025-10-30 16:50:49.824808,Mock Enterprise CRM
ACC_0242,Company 242 Inc.,Consulting,Medium,1109159.25,2087,Prospect,2024-09-27 16:50:49.824839,2025-11-14 16:50:49.824842,Mock Enterprise CRM
ACC_0243,Company 243 Inc.,Healthcare,Medium,9019301.67,5215,Prospect,2025-06-23 16:50:49.824873,2025-11-19 16:50:49.824876,Mock Enterprise CRM
ACC_0244,Company 244 Inc.,Retail,Medium,3539458.96,8562,Active,2024-08-20 16:50:49.824907,2025-10-20 16:50:49.824910,Mock Enterprise CRM
ACC_0245,Company 245 Inc.,Finance,Small,168747.66,5078,Active,2025-05-09 16:50:49.824941,2025-11-03 16:50:49.824944,Mock Enterprise CRM
ACC_0246,Company 246 Inc.,Finance,Enterprise,619591232.33,9799,Prospect,2024-12-23 16:50:49.824993,2025-10-17 16:50:49.824996,Mock Enterprise CRM
ACC_0247,Company 247 Inc.,Retail,Large,78272612.84,6651,Prospect,2025-11-16 16:50:49.825029,2025-10-02 16:50:49.825032,Mock Enterprise CRM
ACC_0248,Company 248 Inc.,Healthcare,Large,72716002.63,4735,Active,2024-10-09 16:50:49.825064,2025-09-12 16:50:49.825067,Mock Enterprise CRM
ACC_0249,Company 249 Inc.,Finance,Medium,3670414.44,1003,Active,2025-11-05 16:50:49.825098,2025-11-30 16:50:49.825101,Mock Enterprise CRM
ACC_0250,Company 250 Inc.,Healthcare,Small,913553.05,8783,Active,2024-08-26 16:50:49.825132,2025-11-12 16:50:49.825135,Mock Enterprise CRM
ACC_0251,Company 251 Inc.,Consulting,Medium,6835895.95,841,Active,2025-05-26 16:50:49.825166,2025-12-01 16:50:49.825169,Mock Enterprise CRM
ACC_0252,Company 252 Inc.,Retail,Large,42195290.48,8636,Active,2025-01-04 16:50:49.825200,2025-10-31 16:50:49.825203,Mock Enterprise CRM
ACC_0253,Company 253 Inc.,Retail,Large,37091979.43,2731,Churned,2025-07-03 16:50:49.825234,2025-09-28 16:50:49.825237,Mock Enterprise CRM
ACC_0254,Company 254 Inc.,Healthcare,Small,306767.01,1703,Active,2025-08-26 16:50:49.825268,2025-11-20 16:50:49.825270,Mock Enterprise CRM
ACC_0255,Company 255 Inc.,Manufacturing,Small,519093.25,5422,Prospect,2025-12-02 16:50:49.825301,2025-09-23 16:50:49.825304,Mock Enterprise CRM
ACC_0256,Company 256 Inc.,Finance,Small,896821.69,5440,Inactive,2023-12-24 16:50:49.825335,2025-11-05 16:50:49.825338,Mock Enterprise CRM
ACC_0257,Company 257 Inc.,Healthcare,Large,97039387.5,3551,Inactive,2024-05-09 16:50:49.825369,2025-11-15 16:50:49.825372,Mock Enterprise CRM
ACC_0258,Company 258 Inc.,Healthcare,Small,443143.96,2718,Active,2025-06-17 16:50:49.825404,2025-11-13 16:50:49.825406,Mock Enterprise CRM
ACC_0259,Company 259 Inc.,Consulting,Medium,5026552.64,8131,Inactive,2025-06-18 16:50:49.825438,2025-10-29 16:50:49.825440,Mock Enterprise CRM
ACC_0260,Company 260 Inc.,Finance,Medium,2778200.47,2700,Active,2024-09-09 16:50:49.825472,2025-09-29 16:50:49.825475,Mock Enterprise CRM
ACC_0261,Company 261 Inc.,Consulting,Small,654786.69,9282,Active,2025-05-03 16:50:49.825505,2025-11-10 16:50:49.825508,Mock Enterprise CRM
ACC_0262,Company 262 Inc.,Finance,Small,872000.12,1610,Active,2024-07-19 16:50:49.825539,2025-11-04 16:50:49.825542,Mock Enterprise CRM
ACC_0263,Company 263 Inc.,Technology,Large,48411382.15,56,Active,2025-08-29 16:50:49.825573,2025-11-03 16:50:49.825575,Mock Enterprise CRM
ACC_0264,Company 264 Inc.,Finance,Small,868331.33,7536,Active,2024-12-04 16:50:49.825606,2025-10-31 16:50:49.825609,Mock Enterprise CRM
ACC_0265,Company 265 Inc.,Consulting,Medium,6463572.65,1076,Active,2025-10-01 16:50:49.825640,2025-10-01 16:50:49.825643,Mock Enterprise CRM
ACC_0266,Company 266 Inc.,Manufacturing,Medium,8870914.82,2237,Active,2024-08-29 16:50:49.825674,2025-10-13 16:50:49.825677,Mock Enterprise CRM
ACC_0267,Company 267 Inc.,Retail,Large,57708714.56,8932,Active,2025-05-28 16:50:49.825709,2025-09-30 16:50:49.825712,Mock Enterprise CRM
ACC_0268,Company 268 Inc.,Finance,Small,991963.34,3300,Inactive,2025-05-23 16:50:49.825744,2025-10-19 16:50:49.825747,Mock Enterprise CRM
ACC_0269,Company 269 Inc.,Consulting,Large,74534230.92,2737,Inactive,2025-06-07 16:50:49.825778,2025-11-26 16:50:49.825781,Mock Enterprise CRM
ACC_0270,Company 270 Inc.,Healthcare,Small,679993.83,5226,Inactive,2025-01-08 16:50:49.825813,2025-11-11 16:50:49.825816,Mock Enterprise CRM
ACC_0271,Company 271 Inc.,Technology,Medium,8516620.25,82,Active,2025-05-15 16:50:49.825847,2025-09-12 16:50:49.825849,Mock Enterprise CRM
ACC_0272,Company 272 Inc.,Finance,Medium,6154795.44,8233,Active,2024-10-18 16:50:49.825880,2025-11-22 16:50:49.825883,Mock Enterprise CRM
ACC_0273,Company 273 Inc.,Finance,Small,373130.09,788,Active,2024-08-06 16:50:49.825914,2025-11-25 16:50:49.825917,Mock Enterprise CRM
ACC_0274,Company 274 Inc.,Finance,Medium,4603343.47,3306,Active,2024-05-31 16:50:49.825948,2025-12-04 16:50:49.825951,Mock Enterprise CRM
ACC_0275,Company 275 Inc.,Finance,Small,769935.4,9106,Active,2025-03-26 16:50:49.825981,2025-10-13 16:50:49.825984,Mock Enterprise CRM
ACC_0276,Company 276 Inc.,Consulting,Small,248794.9,6979,Active,2025-04-10 16:50:49.826015,2025-11-03 16:50:49.826018,Mock Enterprise CRM
ACC_0277,Company 277 Inc.,Consulting,Small,850995.39,370,Active,2024-01-25 16:50:49.826049,2025-10-08 16:50:49.826052,Mock Enterprise CRM
ACC_0278,Company 278 Inc.,Technology,Enterprise,915894222.16,2739,Active,2024-08-20 16:50:49.826083,2025-09-23 16:50:49.826086,Mock Enterprise CRM
ACC_0279,Company 279 Inc.,Technology,Small,948410.82,4025,Active,2023-12-14 16:50:49.826117,2025-09-25 16:50:49.826119,Mock Enterprise CRM
ACC_0280,Company 280 Inc.,Healthcare,Enterprise,520907388.5,7470,Active,2025-07-18 16:50:49.826151,2025-12-03 16:50:49.826153,Mock Enterprise CRM
ACC_0281,Company 281 Inc.,Consulting,Large,69107087.86,7170,Active,2025-06-17 16:50:49.826184,2025-09-14 16:50:49.826187,Mock Enterprise CRM
ACC_0282,Company 282 Inc.,Technology,Medium,2313880.73,3403,Active,2025-09-17 16:50:49.826218,2025-10-09 16:50:49.826220,Mock Enterprise CRM
ACC_0283,Company 283 Inc.,Retail,Small,298315.83,8528,Active,2024-11-02 16:50:49.826251,2025-09-15 16:50:49.826254,Mock Enterprise CRM
ACC_0284,Company 284 Inc.,Consulting,Small,478516.31,970,Active,2025-11-29 16:50:49.826285,2025-11-23 16:50:49.826288,Mock Enterprise CRM
ACC_0285,Company 285 Inc.,Consulting,Enterprise,824328685.46,1606,Active,2025-04-24 16:50:49.826319,2025-10-12 16:50:49.826322,Mock Enterprise CRM
ACC_0286,Company 286 Inc.,Retail,Large,20579986.53,2314,Active,2025-09-05 16:50:49.826353,2025-09-16 16:50:49.826355,Mock Enterprise CRM
ACC_0287,Company 287 Inc.,Healthcare,Small,882266.57,2006,Active,2025-10-21 16:50:49.826387,2025-11-20 16:50:49.826389,Mock Enterprise CRM
ACC_0288,Company 288 Inc.,Manufacturing,Large,67009110.88,2773,Active,2024-02-01 16:50:49.826420,2025-11-10 16:50:49.826423,Mock Enterprise CRM
ACC_0289,Company 289 Inc.,Finance,Enterprise,415067747.08,1602,Active,2024-04-29 16:50:49.826454,2025-10-16 16:50:49.826457,Mock Enterprise CRM
ACC_0290,Company 290 Inc.,Consulting,Small,521716.55,2138,Inactive,2024-04-25 16:50:49.826488,2025-10-14 16:50:49.826491,Mock Enterprise CRM
ACC_0291,Company 291 Inc.,Finance,Small,645546.2,4317,Active,2024-09-03 16:50:49.826521,2025-10-03 16:50:49.826524,Mock Enterprise CRM
ACC_0292,Company 292 Inc.,Technology,Large,21073765.53,7212,Inactive,2023-12-11 16:50:49.826555,2025-09-16 16:50:49.826558,Mock Enterprise CRM
ACC_0293,Company 293 Inc.,Healthcare,Medium,4348734.75,5920,Active,2024-11-24 16:50:49.826588,2025-10-23 16:50:49.826591,Mock Enterprise CRM
ACC_0294,Company 294 Inc.,Finance,Small,632142.57,9689,Active,2024-06-24 16:50:49.826622,2025-12-08 16:50:49.826625,Mock Enterprise CRM
ACC_0295,Company 295 Inc.,Technology,Large,46282628.55,3236,Active,2024-06-07 16:50:49.826656,2025-10-09 16:50:49.826658,Mock Enterprise CRM
ACC_0296,Company 296 Inc.,Healthcare,Small,103187.58,7010,Prospect,2025-08-26 16:50:49.826689,2025-10-28 16:50:49.826692,Mock Enterprise CRM
ACC_0297,Company 297 Inc.,Manufacturing,Medium,9099387.72,3139,Prospect,2025-11-24 16:50:49.826723,2025-12-06 16:50:49.826726,Mock Enterprise CRM
ACC_0298,Company 298 Inc.,Healthcare,Medium,5579196.05,1883,Churned,2025-10-12 16:50:49.826757,2025-10-21 16:50:49.826760,Mock Enterprise CRM
ACC_0299,Company 299 Inc.,Healthcare,Medium,9602629.06,7853,Active,2025-11-11 16:50:49.826791,2025-11-13 16:50:49.826793,Mock Enterprise CRM
ACC_0300,Company 300 Inc.,Finance,Small,242764.71,5614,Active,2025-11-16 16:50:49.826824,2025-11-25 16:50:49.826827,Mock Enterprise CRM
ACC_0301,Company 301 Inc.,Technology,Small,515571.88,4468,Inactive,2024-07-02 16:50:49.826858,2025-11-04 16:50:49.826860,Mock Enterprise CRM
ACC_0302,Company 302 Inc.,Technology,Medium,5503659.74,5559,Active,2025-02-17 16:50:49.826891,2025-09-14 16:50:49.826894,Mock Enterprise CRM
ACC_0303,Company 303 Inc.,Manufacturing,Enterprise,594883357.8,248,Inactive,2024-06-18 16:50:49.826925,2025-10-29 16:50:49.826928,Mock Enterprise CRM
ACC_0304,Company 304 Inc.,Manufacturing,Small,641444.85,4867,Active,2024-09-14 16:50:49.826967,2025-11-03 16:50:49.826971,Mock Enterprise CRM
ACC_0305,Company 305 Inc.,Technology,Enterprise,969644261.82,5664,Prospect,2025-03-18 16:50:49.827006,2025-11-19 16:50:49.827008,Mock Enterprise CRM
ACC_0306,Company 306 Inc.,Consulting,Small,252461.07,1791,Inactive,2024-11-16 16:50:49.827041,2025-10-03 16:50:49.827044,Mock Enterprise CRM
ACC_0307,Company 307 Inc.,Technology,Medium,9624683.21,2968,Active,2024-01-12 16:50:49.827076,2025-10-09 16:50:49.827079,Mock Enterprise CRM
ACC_0308,Company 308 Inc.,Technology,Small,944586.9,2545,Inactive,2024-04-11 16:50:49.827110,2025-10-01 16:50:49.827113,Mock Enterprise CRM
ACC_0309,Company 309 Inc.,Finance,Large,15000686.3,8237,Active,2024-10-11 16:50:49.827144,2025-10-29 16:50:49.827147,Mock Enterprise CRM
ACC_0310,Company 310 Inc.,Technology,Medium,1199445.83,8044,Active,2024-10-08 16:50:49.827179,2025-10-17 16:50:49.827182,Mock Enterprise CRM
ACC_0311,Company 311 Inc.,Finance,Large,21158727.41,4379,Inactive,2024-08-17 16:50:49.827213,2025-11-19 16:50:49.827215,Mock Enterprise CRM
ACC_0312,Company 312 Inc.,Consulting,Small,219391.99,8413,Active,2025-01-25 16:50:49.827246,2025-11-08 16:50:49.827249,Mock Enterprise CRM
ACC_0313,Company 313 Inc.,Manufacturing,Large,81208323.66,7823,Active,2025-09-23 16:50:49.827280,2025-11-07 16:50:49.827283,Mock Enterprise CRM
ACC_0314,Company 314 Inc.,Manufacturing,Large,44221518.96,4105,Active,2023-12-17 16:50:49.827314,2025-10-16 16:50:49.827317,Mock Enterprise CRM
ACC_0315,Company 315 Inc.,Healthcare,Enterprise,984019018.87,7799,Inactive,2024-09-19 16:50:49.827348,2025-09-29 16:50:49.827351,Mock Enterprise CRM
ACC_0316,Company 316 Inc.,Technology,Medium,3352416.16,7224,Active,2024-12-25 16:50:49.827382,2025-10-04 16:50:49.827385,Mock Enterprise CRM
ACC_0317,Company 317 Inc.,Finance,Medium,1283633.51,3405,Active,2025-07-05 16:50:49.827416,2025-09-27 16:50:49.827419,Mock Enterprise CRM
ACC_0318,Company 318 Inc.,Finance,Medium,6401069.97,1304,Prospect,2024-07-05 16:50:49.827450,2025-10-06 16:50:49.827453,Mock Enterprise CRM
ACC_0319,Company 319 Inc.,Healthcare,Medium,4525433.93,2876,Prospect,2025-12-03 16:50:49.827483,2025-11-24 16:50:49.827486,Mock Enterprise CRM
ACC_0320,Company 320 Inc.,Consulting,Medium,1025819.08,2407,Active,2025-08-25 16:50:49.827517,2025-11-29 16:50:49.827520,Mock Enterprise CRM
ACC_0321,Company 321 Inc.,Finance,Small,870689.16,594,Active,2025-10-02 16:50:49.827551,2025-09-26 16:50:49.827553,Mock Enterprise CRM
ACC_0322,Company 322 Inc.,Manufacturing,Large,88934133.27,5444,Inactive,2024-10-17 16:50:49.827585,2025-09-26 16:50:49.827588,Mock Enterprise CRM
ACC_0323,Company 323 Inc.,Retail,Small,870002.06,6632,Inactive,2025-11-27 16:50:49.827619,2025-11-22 16:50:49.827621,Mock Enterprise CRM
ACC_0324,Company 324 Inc.,Technology,Large,33901618.35,5959,Active,2025-02-25 16:50:49.827652,2025-12-05 16:50:49.827655,Mock Enterprise CRM
ACC_0325,Company 325 Inc.,Consulting,Medium,7327632.3,6447,Active,2025-08-28 16:50:49.827686,2025-10-06 16:50:49.827689,Mock Enterprise CRM
ACC_0326,Company 326 Inc.,Manufacturing,Large,54753932.89,6497,Active,2025-07-26 16:50:49.827720,2025-11-26 16:50:49.827723,Mock Enterprise CRM
ACC_0327,Company 327 Inc.,Finance,Medium,7811792.41,5961,Active,2025-05-06 16:50:49.827754,2025-09-23 16:50:49.827756,Mock Enterprise CRM
ACC_0328,Company 328 Inc.,Finance,Large,90464968.91,2235,Active,2024-08-07 16:50:49.827787,2025-10-01 16:50:49.827790,Mock Enterprise CRM
ACC_0329,Company 329 Inc.,Healthcare,Medium,7238329.31,7146,Active,2024-03-13 16:50:49.827821,2025-11-19 16:50:49.827824,Mock Enterprise CRM
ACC_0330,Company 330 Inc.,Manufacturing,Enterprise,106968501.47,573,Active,2024-10-05 16:50:49.827855,2025-11-20 16:50:49.827857,Mock Enterprise CRM
ACC_0331,Company 331 Inc.,Technology,Medium,6210382.36,1688,Inactive,2025-03-30 16:50:49.827888,2025-10-09 16:50:49.827891,Mock Enterprise CRM
ACC_0332,Company 332 Inc.,Finance,Medium,8617325.38,2740,Active,2024-05-30 16:50:49.827922,2025-10-28 16:50:49.827925,Mock Enterprise CRM
ACC_0333,Company 333 Inc.,Manufacturing,Medium,2541241.92,2144,Active,2024-09-16 16:50:49.827956,2025-12-02 16:50:49.827959,Mock Enterprise CRM
ACC_0334,Company 334 Inc.,Technology,Medium,9518792.36,7402,Active,2024-05-12 16:50:49.827990,2025-11-23 16:50:49.827992,Mock Enterprise CRM
ACC_0335,Company 335 Inc.,Finance,Small,629404.09,90,Prospect,2025-09-30 16:50:49.828024,2025-12-09 16:50:49.828026,Mock Enterprise CRM
ACC_0336,Company 336 Inc.,Retail,Large,10319847.31,7460,Inactive,2025-06-18 16:50:49.828058,2025-09-20 16:50:49.828061,Mock Enterprise CRM
ACC_0337,Company 337 Inc.,Finance,Small,217176.58,2384,Inactive,2024-12-29 16:50:49.828093,2025-11-02 16:50:49.828095,Mock Enterprise CRM
ACC_0338,Company 338 Inc.,Finance,Medium,4003546.06,9881,Prospect,2024-01-07 16:50:49.828126,2025-10-04 16:50:49.828129,Mock Enterprise CRM
ACC_0339,Company 339 Inc.,Healthcare,Medium,6433967.05,7540,Active,2024-03-16 16:50:49.828160,2025-11-03 16:50:49.828163,Mock Enterprise CRM
ACC_0340,Company 340 Inc.,Manufacturing,Enterprise,522417448.32,7470,Prospect,2024-06-06 16:50:49.828194,2025-11-21 16:50:49.828197,Mock Enterprise CRM
ACC_0341,Company 341 Inc.,Consulting,Small,948527.21,9404,Inactive,2025-09-10 16:50:49.828228,2025-12-05 16:50:49.828231,Mock Enterprise CRM
ACC_0342,Company 342 Inc.,Finance,Large,56989246.93,8657,Active,2024-02-24 16:50:49.828262,2025-09-13 16:50:49.828265,Mock Enterprise CRM
ACC_0343,Company 343 Inc.,Healthcare,Medium,6475304.31,1268,Active,2024-01-29 16:50:49.828296,2025-11-21 16:50:49.828298,Mock Enterprise CRM
ACC_0344,Company 344 Inc.,Healthcare,Small,270862.43,4901,Active,2024-07-10 16:50:49.828329,2025-11-29 16:50:49.828332,Mock Enterprise CRM
ACC_0345,Company 345 Inc.,Consulting,Small,882026.41,7929,Active,2024-10-17 16:50:49.828363,2025-10-28 16:50:49.828366,Mock Enterprise CRM
ACC_0346,Company 346 Inc.,Retail,Large,12366784.44,4003,Active,2024-04-06 16:50:49.828396,2025-09-13 16:50:49.828399,Mock Enterprise CRM
ACC_0347,Company 347 Inc.,Technology,Medium,4878245.18,9715,Active,2024-09-20 16:50:49.828430,2025-10-20 16:50:49.828433,Mock Enterprise CRM
ACC_0348,Company 348 Inc.,Manufacturing,Small,395185.76,6506,Active,2024-11-18 16:50:49.828464,2025-12-04 16:50:49.828467,Mock Enterprise CRM
ACC_0349,Company 349 Inc.,Finance,Small,297074.99,2764,Inactive,2025-11-11 16:50:49.828497,2025-09-27 16:50:49.828500,Mock Enterprise CRM
ACC_0350,Company 350 Inc.,Finance,Small,294127.88,7497,Inactive,2025-02-02 16:50:49.828531,2025-10-05 16:50:49.828534,Mock Enterprise CRM
ACC_0351,Company 351 Inc.,Healthcare,Small,132740.03,1269,Active,2025-11-14 16:50:49.828565,2025-11-30 16:50:49.828568,Mock Enterprise CRM
ACC_0352,Company 352 Inc.,Technology,Small,299149.68,171,Active,2024-11-23 16:50:49.828599,2025-11-11 16:50:49.828601,Mock Enterprise CRM
ACC_0353,Company 353 Inc.,Finance,Small,732049.0,9436,Active,2024-03-09 16:50:49.828633,2025-11-29 16:50:49.828636,Mock Enterprise CRM
ACC_0354,Company 354 Inc.,Healthcare,Large,29353437.6,6425,Inactive,2025-02-19 16:50:49.828669,2025-10-16 16:50:49.828672,Mock Enterprise CRM
ACC_0355,Company 355 Inc.,Finance,Small,276522.88,2159,Active,2024-06-20 16:50:49.828704,2025-10-06 16:50:49.828707,Mock Enterprise CRM
ACC_0356,Company 356 Inc.,Manufacturing,Enterprise,928916922.99,2363,Prospect,2024-06-11 16:50:49.828738,2025-11-05 16:50:49.828741,Mock Enterprise CRM
ACC_0357,Company 357 Inc.,Consulting,Small,477750.38,9510,Active,2025-03-25 16:50:49.828772,2025-10-13 16:50:49.828775,Mock Enterprise CRM
ACC_0358,Company 358 Inc.,Consulting,Large,41955045.22,8462,Active,2025-07-27 16:50:49.828805,2025-09-23 16:50:49.828808,Mock Enterprise CRM
ACC_0359,Company 359 Inc.,Retail,Small,486454.8,4449,Inactive,2025-07-01 16:50:49.828840,2025-11-10 16:50:49.828843,Mock Enterprise CRM
ACC_0360,Company 360 Inc.,Healthcare,Enterprise,282423208.35,8222,Prospect,2024-09-30 16:50:49.828874,2025-09-13 16:50:49.828877,Mock Enterprise CRM
ACC_0361,Company 361 Inc.,Consulting,Medium,1717636.8,5051,Inactive,2024-10-18 16:50:49.828907,2025-09-26 16:50:49.828910,Mock Enterprise CRM
ACC_0362,Company 362 Inc.,Technology,Large,29138294.2,725,Inactive,2025-08-30 16:50:49.828941,2025-11-17 16:50:49.828944,Mock Enterprise CRM
ACC_0363,Company 363 Inc.,Retail,Medium,1620548.02,6079,Prospect,2024-11-12 16:50:49.829003,2025-09-28 16:50:49.829006,Mock Enterprise CRM
ACC_0364,Company 364 Inc.,Manufacturing,Small,819315.5,7966,Churned,2025-03-26 16:50:49.829040,2025-10-09 16:50:49.829071,Mock Enterprise CRM
ACC_0365,Company 365 Inc.,Retail,Large,27373625.34,5569,Inactive,2025-11-17 16:50:49.829121,2025-11-13 16:50:49.829124,Mock Enterprise CRM
ACC_0366,Company 366 Inc.,Consulting,Small,852531.71,1631,Active,2025-08-05 16:50:49.829158,2025-12-03 16:50:49.829161,Mock Enterprise CRM
ACC_0367,Company 367 Inc.,Manufacturing,Medium,2723389.51,3847,Prospect,2024-06-12 16:50:49.829194,2025-10-19 16:50:49.829197,Mock Enterprise CRM
ACC_0368,Company 368 Inc.,Finance,Small,671544.22,5945,Active,2025-12-03 16:50:49.829229,2025-09-21 16:50:49.829232,Mock Enterprise CRM
ACC_0369,Company 369 Inc.,Consulting,Medium,6752794.37,8880,Prospect,2025-04-09 16:50:49.829265,2025-10-10 16:50:49.829268,Mock Enterprise CRM
ACC_0370,Company 370 Inc.,Healthcare,Small,363555.78,4309,Active,2024-07-07 16:50:49.829301,2025-11-22 16:50:49.829304,Mock Enterprise CRM
ACC_0371,Company 371 Inc.,Finance,Large,14655145.5,7030,Active,2024-06-16 16:50:49.829336,2025-10-09 16:50:49.829339,Mock Enterprise CRM
ACC_0372,Company 372 Inc.,Finance,Enterprise,109898857.31,5661,Active,2025-07-23 16:50:49.829373,2025-09-22 16:50:49.829376,Mock Enterprise CRM
ACC_0373,Company 373 Inc.,Finance,Small,659482.44,4639,Active,2024-05-25 16:50:49.829409,2025-11-16 16:50:49.829412,Mock Enterprise CRM
ACC_0374,Company 374 Inc.,Manufacturing,Small,479765.42,5729,Inactive,2025-08-16 16:50:49.829446,2025-11-12 16:50:49.829449,Mock Enterprise CRM
ACC_0375,Company 375 Inc.,Finance,Large,85550906.11,3878,Active,2025-01-28 16:50:49.829553,2025-09-27 16:50:49.829560,Mock Enterprise CRM
ACC_0376,Company 376 Inc.,Consulting,Small,212416.66,5669,Prospect,2024-09-07 16:50:49.829612,2025-10-22 16:50:49.829616,Mock Enterprise CRM
ACC_0377,Company 377 Inc.,Retail,Small,843072.93,7002,Active,2025-07-26 16:50:49.829656,2025-11-21 16:50:49.829659,Mock Enterprise CRM
ACC_0378,Company 378 Inc.,Finance,Large,49612638.56,3666,Inactive,2025-09-18 16:50:49.829697,2025-10-16 16:50:49.829701,Mock Enterprise CRM
ACC_0379,Company 379 Inc.,Finance,Small,138031.3,6824,Active,2024-02-04 16:50:49.829738,2025-12-01 16:50:49.829742,Mock Enterprise CRM
ACC_0380,Company 380 Inc.,Finance,Large,14511056.12,1811,Active,2024-10-18 16:50:49.829779,2025-12-05 16:50:49.829782,Mock Enterprise CRM
ACC_0381,Company 381 Inc.,Technology,Medium,2150773.32,3114,Active,2024-08-08 16:50:49.829819,2025-10-18 16:50:49.829821,Mock Enterprise CRM
ACC_0382,Company 382 Inc.,Finance,Large,20229081.61,7029,Active,2024-11-05 16:50:49.829853,2025-09-27 16:50:49.829856,Mock Enterprise CRM
ACC_0383,Company 383 Inc.,Manufacturing,Small,563914.97,9577,Inactive,2024-07-26 16:50:49.829888,2025-10-25 16:50:49.829891,Mock Enterprise CRM
ACC_0384,Company 384 Inc.,Consulting,Medium,3741498.98,3427,Churned,2024-12-22 16:50:49.829923,2025-12-02 16:50:49.829926,Mock Enterprise CRM
ACC_0385,Company 385 Inc.,Consulting,Small,174649.66,7841,Active,2024-04-04 16:50:49.829958,2025-10-18 16:50:49.829961,Mock Enterprise CRM
ACC_0386,Company 386 Inc.,Technology,Medium,2277623.34,5166,Active,2024-02-12 16:50:49.829993,2025-12-02 16:50:49.829996,Mock Enterprise CRM
ACC_0387,Company 387 Inc.,Manufacturing,Medium,4082843.14,7468,Active,2025-07-15 16:50:49.830129,2025-10-28 16:50:49.830135,Mock Enterprise CRM
ACC_0388,Company 388 Inc.,Manufacturing,Small,840673.26,6884,Active,2024-08-02 16:50:49.830172,2025-10-22 16:50:49.830175,Mock Enterprise CRM
ACC_0389,Company 389 Inc.,Finance,Large,82702708.97,492,Inactive,2025-11-25 16:50:49.830208,2025-11-13 16:50:49.830211,Mock Enterprise CRM
ACC_0390,Company 390 Inc.,Consulting,Medium,5857498.19,2011,Active,2025-09-13 16:50:49.830243,2025-11-27 16:50:49.830246,Mock Enterprise CRM
ACC_0391,Company 391 Inc.,Retail,Medium,2116789.93,1003,Active,2024-07-02 16:50:49.830277,2025-10-24 16:50:49.830280,Mock Enterprise CRM
ACC_0392,Company 392 Inc.,Healthcare,Medium,9699062.22,6426,Active,2025-08-27 16:50:49.830312,2025-10-14 16:50:49.830315,Mock Enterprise CRM
ACC_0393,Company 393 Inc.,Finance,Large,25223254.55,9406,Active,2025-03-05 16:50:49.830346,2025-10-25 16:50:49.830349,Mock Enterprise CRM
ACC_0394,Company 394 Inc.,Technology,Medium,2912925.51,1154,Active,2023-12-30 16:50:49.830381,2025-10-19 16:50:49.830384,Mock Enterprise CRM
ACC_0395,Company 395 Inc.,Finance,Small,876417.73,242,Active,2024-08-29 16:50:49.830415,2025-09-16 16:50:49.830418,Mock Enterprise CRM
ACC_0396,Company 396 Inc.,Technology,Small,462619.11,2630,Active,2024-09-30 16:50:49.830449,2025-10-06 16:50:49.830452,Mock Enterprise CRM
ACC_0397,Company 397 Inc.,Consulting,Medium,3682126.39,9003,Prospect,2025-05-14 16:50:49.830483,2025-09-18 16:50:49.830486,Mock Enterprise CRM
ACC_0398,Company 398 Inc.,Manufacturing,Large,76326217.55,751,Inactive,2024-11-22 16:50:49.830519,2025-10-05 16:50:49.830522,Mock Enterprise CRM
ACC_0399,Company 399 Inc.,Consulting,Small,138738.37,6254,Active,2024-06-06 16:50:49.830554,2025-10-08 16:50:49.830557,Mock Enterprise CRM
ACC_0400,Company 400 Inc.,Healthcare,Small,966755.75,855,Inactive,2025-07-22 16:50:49.830589,2025-11-23 16:50:49.830591,Mock Enterprise CRM
ACC_0401,Company 401 Inc.,Healthcare,Large,30732263.73,9573,Active,2024-06-17 16:50:49.830623,2025-12-06 16:50:49.830626,Mock Enterprise CRM
ACC_0402,Company 402 Inc.,Healthcare,Medium,1798164.39,3470,Prospect,2025-05-08 16:50:49.830659,2025-11-05 16:50:49.830662,Mock Enterprise CRM
ACC_0403,Company 403 Inc.,Technology,Large,87493749.96,8011,Active,2025-11-04 16:50:49.830694,2025-11-15 16:50:49.830697,Mock Enterprise CRM
ACC_0404,Company 404 Inc.,Manufacturing,Enterprise,123887074.79,8316,Prospect,2025-11-17 16:50:49.830728,2025-10-07 16:50:49.830731,Mock Enterprise CRM
ACC_0405,Company 405 Inc.,Consulting,Small,803450.31,4460,Active,2025-10-29 16:50:49.830762,2025-11-21 16:50:49.830765,Mock Enterprise CRM
ACC_0406,Company 406 Inc.,Finance,Small,552178.05,3025,Active,2025-11-03 16:50:49.830796,2025-12-05 16:50:49.830799,Mock Enterprise CRM
ACC_0407,Company 407 Inc.,Healthcare,Medium,2276914.12,5600,Prospect,2024-10-22 16:50:49.830830,2025-11-29 16:50:49.830833,Mock Enterprise CRM
ACC_0408,Company 408 Inc.,Technology,Small,695469.87,7896,Prospect,2024-12-03 16:50:49.830864,2025-11-27 16:50:49.830867,Mock Enterprise CRM
ACC_0409,Company 409 Inc.,Manufacturing,Enterprise,923272061.81,3026,Active,2025-10-10 16:50:49.830898,2025-11-26 16:50:49.830901,Mock Enterprise CRM
ACC_0410,Company 410 Inc.,Technology,Medium,8756673.79,2653,Active,2024-09-09 16:50:49.830932,2025-10-01 16:50:49.830935,Mock Enterprise CRM
ACC_0411,Company 411 Inc.,Technology,Small,916443.8,8854,Active,2024-05-02 16:50:49.830966,2025-09-29 16:50:49.830969,Mock Enterprise CRM
ACC_0412,Company 412 Inc.,Consulting,Medium,3756366.5,8555,Prospect,2024-10-01 16:50:49.831000,2025-11-22 16:50:49.831003,Mock Enterprise CRM
ACC_0413,Company 413 Inc.,Finance,Medium,1386166.34,7956,Prospect,2024-04-18 16:50:49.831034,2025-11-17 16:50:49.831037,Mock Enterprise CRM
ACC_0414,Company 414 Inc.,Manufacturing,Small,141210.92,9443,Active,2025-03-12 16:50:49.831068,2025-09-17 16:50:49.831071,Mock Enterprise CRM
ACC_0415,Company 415 Inc.,Retail,Large,18414700.41,3744,Prospect,2024-02-12 16:50:49.831102,2025-11-02 16:50:49.831105,Mock Enterprise CRM
ACC_0416,Company 416 Inc.,Retail,Small,645610.55,4280,Inactive,2025-09-27 16:50:49.831136,2025-10-12 16:50:49.831139,Mock Enterprise CRM
ACC_0417,Company 417 Inc.,Healthcare,Large,67648812.82,5318,Prospect,2024-09-29 16:50:49.831170,2025-10-02 16:50:49.831173,Mock Enterprise CRM
ACC_0418,Company 418 Inc.,Retail,Large,58252853.27,9111,Active,2025-03-17 16:50:49.831204,2025-11-10 16:50:49.831207,Mock Enterprise CRM
ACC_0419,Company 419 Inc.,Consulting,Large,61090127.33,9172,Active,2025-11-18 16:50:49.831238,2025-10-15 16:50:49.831241,Mock Enterprise CRM
ACC_0420,Company 420 Inc.,Manufacturing,Large,35462013.44,7895,Active,2025-07-04 16:50:49.831273,2025-11-30 16:50:49.831276,Mock Enterprise CRM
ACC_0421,Company 421 Inc.,Healthcare,Large,29614701.28,2801,Prospect,2024-04-27 16:50:49.831307,2025-10-08 16:50:49.831310,Mock Enterprise CRM
ACC_0422,Company 422 Inc.,Healthcare,Medium,2155724.87,7000,Active,2025-12-09 16:50:49.831340,2025-09-13 16:50:49.831343,Mock Enterprise CRM
ACC_0423,Company 423 Inc.,Finance,Medium,1566629.72,473,Prospect,2024-09-18 16:50:49.831375,2025-11-20 16:50:49.831378,Mock Enterprise CRM
ACC_0424,Company 424 Inc.,Consulting,Large,37138775.51,6871,Active,2025-10-31 16:50:49.831409,2025-12-07 16:50:49.831412,Mock Enterprise CRM
ACC_0425,Company 425 Inc.,Finance,Small,443790.18,5491,Active,2024-10-18 16:50:49.831443,2025-10-16 16:50:49.831446,Mock Enterprise CRM
ACC_0426,Company 426 Inc.,Healthcare,Small,895253.58,9685,Inactive,2024-07-15 16:50:49.831477,2025-09-26 16:50:49.831480,Mock Enterprise CRM
ACC_0427,Company 427 Inc.,Technology,Medium,3082910.93,6010,Active,2025-07-02 16:50:49.831511,2025-11-09 16:50:49.831514,Mock Enterprise CRM
ACC_0428,Company 428 Inc.,Retail,Medium,3356207.59,7713,Active,2025-09-10 16:50:49.831545,2025-10-27 16:50:49.831548,Mock Enterprise CRM
ACC_0429,Company 429 Inc.,Retail,Small,267655.48,6880,Inactive,2024-01-16 16:50:49.831579,2025-11-23 16:50:49.831582,Mock Enterprise CRM
ACC_0430,Company 430 Inc.,Finance,Small,541522.58,3749,Active,2024-04-24 16:50:49.831613,2025-09-15 16:50:49.831615,Mock Enterprise CRM
ACC_0431,Company 431 Inc.,Consulting,Medium,7628009.29,9959,Active,2024-02-22 16:50:49.831646,2025-10-12 16:50:49.831649,Mock Enterprise CRM
ACC_0432,Company 432 Inc.,Manufacturing,Medium,3622913.18,6882,Active,2024-08-30 16:50:49.831680,2025-10-29 16:50:49.831683,Mock Enterprise CRM
ACC_0433,Company 433 Inc.,Manufacturing,Medium,1250398.99,3838,Active,2024-04-22 16:50:49.831713,2025-09-28 16:50:49.831716,Mock Enterprise CRM
ACC_0434,Company 434 Inc.,Manufacturing,Small,636748.79,3753,Prospect,2024-03-20 16:50:49.831747,2025-09-28 16:50:49.831750,Mock Enterprise CRM
ACC_0435,Company 435 Inc.,Technology,Medium,2039458.6,2776,Inactive,2025-09-06 16:50:49.831781,2025-11-10 16:50:49.831784,Mock Enterprise CRM
ACC_0436,Company 436 Inc.,Retail,Large,92240747.54,2758,Inactive,2024-07-05 16:50:49.831827,2025-11-17 16:50:49.831831,Mock Enterprise CRM
ACC_0437,Company 437 Inc.,Retail,Enterprise,400491429.72,1415,Active,2025-10-21 16:50:49.831867,2025-10-05 16:50:49.831870,Mock Enterprise CRM
ACC_0438,Company 438 Inc.,Finance,Enterprise,144420461.28,6729,Active,2025-02-17 16:50:49.831903,2025-09-18 16:50:49.831906,Mock Enterprise CRM
ACC_0439,Company 439 Inc.,Consulting,Large,93401359.96,1325,Active,2025-06-02 16:50:49.831938,2025-10-15 16:50:49.831941,Mock Enterprise CRM
ACC_0440,Company 440 Inc.,Retail,Small,479472.89,1503,Active,2024-12-04 16:50:49.831972,2025-11-15 16:50:49.831975,Mock Enterprise CRM
ACC_0441,Company 441 Inc.,Healthcare,Small,421460.63,4564,Active,2024-12-24 16:50:49.832006,2025-10-10 16:50:49.832009,Mock Enterprise CRM
ACC_0442,Company 442 Inc.,Manufacturing,Small,222735.73,1652,Active,2025-09-10 16:50:49.832041,2025-10-19 16:50:49.832044,Mock Enterprise CRM
ACC_0443,Company 443 Inc.,Technology,Medium,3789194.25,5823,Active,2025-03-20 16:50:49.832077,2025-11-27 16:50:49.832080,Mock Enterprise CRM
ACC_0444,Company 444 Inc.,Consulting,Large,52186630.36,5164,Active,2024-06-28 16:50:49.832112,2025-10-29 16:50:49.832114,Mock Enterprise CRM
ACC_0445,Company 445 Inc.,Healthcare,Large,80172629.42,1923,Prospect,2024-10-05 16:50:49.832146,2025-10-08 16:50:49.832149,Mock Enterprise CRM
ACC_0446,Company 446 Inc.,Finance,Small,179008.16,9666,Active,2025-07-28 16:50:49.832180,2025-11-09 16:50:49.832183,Mock Enterprise CRM
ACC_0447,Company 447 Inc.,Consulting,Medium,7744526.03,2142,Inactive,2024-11-28 16:50:49.832214,2025-11-25 16:50:49.832217,Mock Enterprise CRM
ACC_0448,Company 448 Inc.,Manufacturing,Medium,4435799.16,8571,Active,2024-09-24 16:50:49.832248,2025-11-28 16:50:49.832251,Mock Enterprise CRM
ACC_0449,Company 449 Inc.,Manufacturing,Enterprise,307290361.89,9542,Active,2025-02-24 16:50:49.832282,2025-09-14 16:50:49.832284,Mock Enterprise CRM
ACC_0450,Company 450 Inc.,Finance,Small,618615.42,5093,Inactive,2025-03-21 16:50:49.832316,2025-10-13 16:50:49.832319,Mock Enterprise CRM
ACC_0451,Company 451 Inc.,Consulting,Medium,2716553.9,3510,Inactive,2025-04-09 16:50:49.832349,2025-11-19 16:50:49.832352,Mock Enterprise CRM
ACC_0452,Company 452 Inc.,Manufacturing,Small,732142.27,7626,Inactive,2024-03-07 16:50:49.832383,2025-10-22 16:50:49.832386,Mock Enterprise CRM
ACC_0453,Company 453 Inc.,Technology,Medium,3312428.34,1185,Active,2024-01-05 16:50:49.832416,2025-12-02 16:50:49.832419,Mock Enterprise CRM
ACC_0454,Company 454 Inc.,Consulting,Small,973313.43,6670,Active,2025-09-05 16:50:49.832450,2025-12-01 16:50:49.832452,Mock Enterprise CRM
ACC_0455,Company 455 Inc.,Consulting,Medium,2750972.56,7517,Active,2024-06-08 16:50:49.832483,2025-10-27 16:50:49.832486,Mock Enterprise CRM
ACC_0456,Company 456 Inc.,Healthcare,Small,522780.43,9808,Active,2024-12-22 16:50:49.832517,2025-11-17 16:50:49.832520,Mock Enterprise CRM
ACC_0457,Company 457 Inc.,Healthcare,Medium,4610578.2,7961,Active,2024-12-02 16:50:49.832551,2025-12-06 16:50:49.832553,Mock Enterprise CRM
ACC_0458,Company 458 Inc.,Manufacturing,Large,87463362.89,122,Active,2025-05-16 16:50:49.832585,2025-09-19 16:50:49.832588,Mock Enterprise CRM
ACC_0459,Company 459 Inc.,Retail,Large,37203729.19,9021,Prospect,2024-10-03 16:50:49.832619,2025-11-05 16:50:49.832622,Mock Enterprise CRM
ACC_0460,Company 460 Inc.,Retail,Medium,1305419.97,548,Inactive,2023-12-20 16:50:49.832653,2025-11-01 16:50:49.832656,Mock Enterprise CRM
ACC_0461,Company 461 Inc.,Manufacturing,Large,77560668.14,5984,Churned,2024-09-29 16:50:49.832687,2025-11-13 16:50:49.832690,Mock Enterprise CRM
ACC_0462,Company 462 Inc.,Consulting,Small,519484.57,9506,Active,2024-12-01 16:50:49.832720,2025-10-23 16:50:49.832723,Mock Enterprise CRM
ACC_0463,Company 463 Inc.,Technology,Small,312727.68,386,Active,2024-05-11 16:50:49.832754,2025-10-27 16:50:49.832756,Mock Enterprise CRM
ACC_0464,Company 464 Inc.,Healthcare,Medium,8214439.28,2976,Active,2025-04-16 16:50:49.832787,2025-10-13 16:50:49.832790,Mock Enterprise CRM
ACC_0465,Company 465 Inc.,Consulting,Small,476820.2,990,Active,2025-08-18 16:50:49.832821,2025-11-16 16:50:49.832824,Mock Enterprise CRM
ACC_0466,Company 466 Inc.,Manufacturing,Small,170868.57,240,Active,2025-09-18 16:50:49.832855,2025-11-11 16:50:49.832857,Mock Enterprise CRM
ACC_0467,Company 467 Inc.,Manufacturing,Small,908492.97,5222,Active,2025-10-16 16:50:49.832888,2025-11-09 16:50:49.832891,Mock Enterprise CRM
ACC_0468,Company 468 Inc.,Finance,Enterprise,944187808.43,6782,Prospect,2023-12-20 16:50:49.832921,2025-09-24 16:50:49.832924,Mock Enterprise CRM
ACC_0469,Company 469 Inc.,Healthcare,Small,449029.78,5365,Inactive,2025-08-30 16:50:49.832955,2025-10-07 16:50:49.832958,Mock Enterprise CRM
ACC_0470,Company 470 Inc.,Consulting,Small,492357.94,205,Active,2024-02-27 16:50:49.832988,2025-11-04 16:50:49.832991,Mock Enterprise CRM
ACC_0471,Company 471 Inc.,Finance,Medium,2895503.86,970,Active,2024-05-11 16:50:49.833068,2025-11-07 16:50:49.833071,Mock Enterprise CRM
ACC_0472,Company 472 Inc.,Finance,Small,692633.6,4931,Churned,2023-12-27 16:50:49.833104,2025-11-07 16:50:49.833107,Mock Enterprise CRM
ACC_0473,Company 473 Inc.,Manufacturing,Medium,8270695.22,3878,Active,2024-11-27 16:50:49.833139,2025-11-10 16:50:49.833142,Mock Enterprise CRM
ACC_0474,Company 474 Inc.,Retail,Small,737510.71,2498,Active,2024-05-22 16:50:49.833173,2025-10-25 16:50:49.833176,Mock Enterprise CRM
ACC_0475,Company 475 Inc.,Healthcare,Small,387211.86,5370,Active,2025-03-13 16:50:49.833207,2025-10-27 16:50:49.833210,Mock Enterprise CRM
ACC_0476,Company 476 Inc.,Retail,Small,800173.98,5184,Active,2024-07-20 16:50:49.833242,2025-11-22 16:50:49.833244,Mock Enterprise CRM
ACC_0477,Company 477 Inc.,Manufacturing,Small,277873.93,2663,Active,2024-02-24 16:50:49.833276,2025-09-25 16:50:49.833279,Mock Enterprise CRM
ACC_0478,Company 478 Inc.,Retail,Medium,2879111.95,5373,Active,2024-11-20 16:50:49.833311,2025-12-06 16:50:49.833314,Mock Enterprise CRM
ACC_0479,Company 479 Inc.,Manufacturing,Small,750807.0,1490,Inactive,2024-10-25 16:50:49.833345,2025-11-26 16:50:49.833348,Mock Enterprise CRM
ACC_0480,Company 480 Inc.,Finance,Small,848876.3,8639,Active,2024-04-11 16:50:49.833379,2025-09-24 16:50:49.833382,Mock Enterprise CRM
ACC_0481,Company 481 Inc.,Consulting,Medium,2077540.02,3762,Inactive,2025-08-06 16:50:49.833413,2025-10-07 16:50:49.833416,Mock Enterprise CRM
ACC_0482,Company 482 Inc.,Consulting,Medium,5301000.11,9627,Active,2024-02-11 16:50:49.833447,2025-10-15 16:50:49.833449,Mock Enterprise CRM
ACC_0483,Company 483 Inc.,Technology,Medium,2154577.7,4274,Active,2024-12-29 16:50:49.833481,2025-09-12 16:50:49.833483,Mock Enterprise CRM
ACC_0484,Company 484 Inc.,Finance,Small,833728.89,20,Active,2024-11-01 16:50:49.833514,2025-10-20 16:50:49.833517,Mock Enterprise CRM
ACC_0485,Company 485 Inc.,Retail,Medium,4396238.49,704,Active,2025-07-12 16:50:49.833548,2025-11-27 16:50:49.833550,Mock Enterprise CRM
ACC_0486,Company 486 Inc.,Manufacturing,Medium,1227274.98,19,Inactive,2023-12-18 16:50:49.833582,2025-11-14 16:50:49.833584,Mock Enterprise CRM
ACC_0487,Company 487 Inc.,Technology,Enterprise,459859516.57,7794,Inactive,2025-02-05 16:50:49.833615,2025-12-05 16:50:49.833618,Mock Enterprise CRM
ACC_0488,Company 488 Inc.,Manufacturing,Medium,5529779.04,6546,Inactive,2025-12-03 16:50:49.833649,2025-10-15 16:50:49.833652,Mock Enterprise CRM
ACC_0489,Company 489 Inc.,Retail,Medium,1741412.31,4891,Churned,2025-04-28 16:50:49.833683,2025-10-22 16:50:49.833686,Mock Enterprise CRM
ACC_0490,Company 490 Inc.,Retail,Small,152639.75,5867,Active,2025-08-29 16:50:49.833718,2025-12-04 16:50:49.833721,Mock Enterprise CRM
ACC_0491,Company 491 Inc.,Healthcare,Small,657824.05,7189,Active,2025-02-02 16:50:49.833752,2025-09-28 16:50:49.833755,Mock Enterprise CRM
ACC_0492,Company 492 Inc.,Technology,Medium,2602273.35,1398,Active,2024-06-24 16:50:49.833786,2025-10-04 16:50:49.833789,Mock Enterprise CRM
ACC_0493,Company 493 Inc.,Finance,Small,815197.54,8004,Prospect,2025-02-24 16:50:49.833830,2025-11-25 16:50:49.833834,Mock Enterprise CRM
ACC_0494,Company 494 Inc.,Technology,Small,211341.54,992,Prospect,2025-11-21 16:50:49.833869,2025-11-26 16:50:49.833872,Mock Enterprise CRM
ACC_0495,Company 495 Inc.,Finance,Small,354146.87,6733,Active,2025-05-08 16:50:49.833903,2025-12-09 16:50:49.833906,Mock Enterprise CRM
ACC_0496,Company 496 Inc.,Manufacturing,Small,419877.68,156,Prospect,2025-08-28 16:50:49.833938,2025-11-01 16:50:49.833941,Mock Enterprise CRM
ACC_0497,Company 497 Inc.,Retail,Medium,5768103.84,9236,Active,2025-12-03 16:50:49.833972,2025-11-16 16:50:49.833975,Mock Enterprise CRM
ACC_0498,Company 498 Inc.,Retail,Small,285903.39,2886,Active,2025-04-02 16:50:49.834006,2025-11-25 16:50:49.834009,Mock Enterprise CRM
ACC_0499,Company 499 Inc.,Healthcare,Large,31114108.02,3246,Active,2025-02-21 16:50:49.834040,2025-10-20 16:50:49.834043,Mock Enterprise CRM
ACC_0500,Company 500 Inc.,Retail,Small,291301.15,5674,Inactive,2024-07-06 16:50:49.834073,2025-12-09 16:50:49.834076,Mock Enterprise CRM
